ContainmentHealthIndex_Average,ContainmentHealthIndex_Average_ForDisplay
0,0
2.38,2.38
9.52,9.52
16.67,16.67
26.19,26.19
29.76,29.76
36.9,36.9
67.86,67.86
70.24,70.24
65.48,65.48
55.95,55.95
53.57,53.57
50,50
47.62,47.62
41.07,41.07
51.79,51.79
56.55,56.55
61.31,61.31
63.1,63.1
59.52,59.52
47.02,47.02
44.64,44.64
39.29,39.29
38.69,38.69
43.45,43.45
49.4,49.4
48.21,48.21
45.83,45.83
50.48,50.48
54.05,54.05
58.81,58.81
65.95,65.95
61.19,61.19
64.05,64.05
60.12,60.12
57.74,57.74
39.88,39.88
35.12,35.12
27.38,27.38
40.48,40.48
45.24,45.24
42.86,42.86
34.52,34.52
40.83,40.83
39.94,39.94
43.21,43.21
42.26,42.26
33.33,33.33
31.55,31.55
7.74,7.74
11.31,11.31
55.36,55.36
62.5,62.5
66.07,66.07
71.43,71.43
72.62,72.62
69.05,69.05
66.67,66.67
64.29,64.29
57.14,57.14
52.98,52.98
20.24,20.24
15.48,15.48
17.26,17.26
19.05,19.05
18.33,18.33
16.55,16.55
28.45,28.45
26.07,26.07
31.43,31.43
49.29,49.29
37.38,37.38
40.95,40.95
42.14,42.14
38.93,38.93
45.18,45.18
48.04,48.04
44.94,44.94
42.8,42.8
18.1,18.1
15.71,15.71
36.55,36.55
31.79,31.79
24.64,24.64
19.29,19.29
17.5,17.5
13.93,13.93
18.21,18.21
19.64,19.64
14.88,14.88
13.1,13.1
3.57,3.57
5.95,5.95
23.81,23.81
60.71,60.71
68.45,68.45
58.93,58.93
61.01,61.01
62.8,62.8
63.99,63.99
58.33,58.33
51.19,51.19
50.3,50.3
52.38,52.38
50.6,50.6
51.9,51.9
55.48,55.48
57.26,57.26
54.88,54.88
59.05,59.05
43.57,43.57
51.61,51.61
56.25,56.25
58.63,58.63
64.88,64.88
62.2,62.2
57.44,57.44
71.62,71.62
71.57,71.57
71.55,71.55
71.5,71.5
71.47,71.47
69.68,69.68
69.62,69.62
69.56,69.56
69.52,69.52
71.2,71.2
71.17,71.17
71.14,71.14
71.11,71.11
71.08,71.08
52.33,52.33
52.29,52.29
52.27,52.27
52.24,52.24
52.19,52.19
51.05,51.05
51.02,51.02
50.99,50.99
41.46,41.46
41.43,41.43
41.42,41.42
36.65,36.65
36.63,36.63
36.62,36.62
36.61,36.61
33.04,33.04
33.03,33.03
33.02,33.02
33.01,33.01
27.65,27.65
7.14,7.14
30.95,30.95
41.67,41.67
67.26,67.26
75,75
70.83,70.83
73.81,73.81
66.31,66.31
67.74,67.74
64.17,64.17
65.36,65.36
62.98,62.98
56.43,56.43
52.86,52.86
47.5,47.5
48.93,48.93
45.6,45.6
47.38,47.38
48.81,48.81
54.17,54.17
58.19,58.19
58.18,58.18
56.4,56.4
56.39,56.39
49.24,49.24
49.23,49.23
32.14,32.14
44.05,44.05
61.55,61.55
64.4,64.4
62.62,62.62
58.1,58.1
55.71,55.71
59.88,59.88
56.96,56.96
55.86,55.86
60.02,60.02
59.91,59.91
64.08,64.08
65.83,65.83
65.72,65.72
64.15,64.15
54.63,54.63
54.39,54.39
54.38,54.38
38.1,38.1
32.74,32.74
25.6,25.6
1.79,1.79
8.93,8.93
12.5,12.5
20.83,20.83
23.21,23.21
30.36,30.36
33.93,33.93
79.17,79.17
83.93,83.93
82.14,82.14
78.57,78.57
76.19,76.19
54.76,54.76
52.62,52.62
57.38,57.38
61.67,61.67
65.24,65.24
62.56,62.56
61.13,61.13
60.24,60.24
56.67,56.67
58.45,58.45
62.26,62.26
63.45,63.45
63.69,63.69
65.98,65.98
62.7,62.7
64.56,64.56
66.33,66.33
66.29,66.29
66.27,66.27
66.26,66.26
66.25,66.25
66.23,66.23
66.22,66.22
66.19,66.19
66.13,66.13
66.12,66.12
67.31,67.31
67.29,67.29
67.23,67.23
67.22,67.22
67.21,67.21
67.17,67.17
67.16,67.16
67.14,67.14
67.13,67.13
67.12,67.12
67.1,67.1
67.09,67.09
67.08,67.08
67.06,67.06
67.05,67.05
67.04,67.04
67.03,67.03
67.62,67.62
67.61,67.61
61.05,61.05
54.21,54.21
54.19,54.19
54.16,54.16
54.11,54.11
54.09,54.09
52.3,52.3
52.09,52.09
52.95,52.95
52.93,52.93
52.91,52.91
52.81,52.81
52.77,52.77
52.74,52.74
52.73,52.73
52.7,52.7
52.67,52.67
52.63,52.63
52.59,52.59
52.56,52.56
52.51,52.51
51.7,51.7
51.69,51.69
54.46,54.46
52.68,52.68
51.27,51.27
51.26,51.26
51.25,51.25
48.87,48.87
48.86,48.86
48.85,48.85
48.84,48.84
48.83,48.83
48.82,48.82
45.26,45.26
45.25,45.25
45.23,45.23
45.22,45.22
43.42,43.42
43.41,43.41
43.34,43.34
48.14,48.14
48.12,48.12
48.11,48.11
48.08,48.08
46.3,46.3
51.66,51.66
14.29,14.29
80.95,80.95
86.31,86.31
85.12,85.12
82.74,82.74
80.36,80.36
76.79,76.79
77.98,77.98
75.3,75.3
73.51,73.51
74.7,74.7
72.92,72.92
70.54,70.54
71.96,71.96
70.77,70.77
72.2,72.2
68.63,68.63
73.63,73.63
78.1,78.1
76.31,76.31
73.93,73.93
75.36,75.36
72.14,72.14
71.64,71.64
71.61,71.61
71.59,71.59
71.56,71.56
71.54,71.54
71.52,71.52
71.48,71.48
71.46,71.46
73.47,73.47
73.46,73.46
73.44,73.44
73.42,73.42
73.39,73.39
73.37,73.37
73.34,73.34
73.32,73.32
73.31,73.31
73.3,73.3
73.28,73.28
73.25,73.25
73.23,73.23
73.2,73.2
73.19,73.19
73.18,73.18
73.15,73.15
73.12,73.12
73.1,73.1
73.07,73.07
73.04,73.04
73.02,73.02
73.01,73.01
72.98,72.98
72.96,72.96
72.93,72.93
72.9,72.9
72.87,72.87
72.85,72.85
72.83,72.83
72.8,72.8
72.77,72.77
72.75,72.75
72.72,72.72
72.7,72.7
72.68,72.68
72.66,72.66
72.64,72.64
72.59,72.59
72.57,72.57
72.55,72.55
72.52,72.52
72.5,72.5
72.48,72.48
72.47,72.47
72.45,72.45
72.44,72.44
72.42,72.42
72.4,72.4
72.38,72.38
72.36,72.36
51.52,51.52
51.51,51.51
51.5,51.5
51.49,51.49
51.48,51.48
51.47,51.47
51.46,51.46
51.45,51.45
51.44,51.44
51.43,51.43
51.42,51.42
51.41,51.41
51.4,51.4
51.39,51.39
51.38,51.38
51.37,51.37
51.36,51.36
51.35,51.35
51.34,51.34
51.33,51.33
51.32,51.32
51.31,51.31
51.3,51.3
51.29,51.29
51.28,51.28
52.69,52.69
51.55,51.55
51.23,51.23
51.18,51.18
51.13,51.13
51.07,51.07
51.04,51.04
50.98,50.98
50.93,50.93
50.89,50.89
50.84,50.84
50.8,50.8
50.78,50.78
50.77,50.77
50.72,50.72
50.07,50.07
50.05,50.05
50.01,50.01
49.97,49.97
49.95,49.95
49.94,49.94
49.91,49.91
49.87,49.87
49.83,49.83
49.8,49.8
49.77,49.77
49.75,49.75
49.74,49.74
49.71,49.71
49.67,49.67
49.63,49.63
49.61,49.61
49.6,49.6
49.56,49.56
49.52,49.52
49.49,49.49
49.45,49.45
48.17,48.17
48.13,48.13
48.03,48.03
38.47,38.47
38.42,38.42
38.4,38.4
38.39,38.39
38.35,38.35
38.31,38.31
38.28,38.28
38.25,38.25
38.22,38.22
38.21,38.21
38.2,38.2
38.17,38.17
38.15,38.15
38.12,38.12
38.09,38.09
38.07,38.07
38.06,38.06
38.05,38.05
38.03,38.03
38,38
37.98,37.98
37.95,37.95
37.92,37.92
37.91,37.91
37.9,37.9
37.88,37.88
37.85,37.85
37.83,37.83
37.81,37.81
37.78,37.78
37.77,37.77
37.74,37.74
37.72,37.72
37.69,37.69
37.67,37.67
37.65,37.65
37.64,37.64
37.62,37.62
37.6,37.6
37.58,37.58
37.56,37.56
37.54,37.54
37.53,37.53
37.51,37.51
37.48,37.48
37.46,37.46
37.45,37.45
37.43,37.43
37.42,37.42
37.41,37.41
35.02,35.02
35,35
34.99,34.99
34.98,34.98
34.97,34.97
34.96,34.96
34.95,34.95
34.94,34.94
34.93,34.93
34.92,34.92
34.91,34.91
34.9,34.9
34.89,34.89
34.88,34.88
37.4,37.4
37.39,37.39
37.37,37.37
37.36,37.36
37.35,37.35
37.02,37.02
37.01,37.01
37,37
34.62,34.62
34.61,34.61
34.6,34.6
34.59,34.59
34.58,34.58
34.57,34.57
35.17,35.17
35.16,35.16
35.15,35.15
36.33,36.33
36.32,36.32
36.31,36.31
36.3,36.3
36.29,36.29
36.88,36.88
36.87,36.87
36.86,36.86
27.72,27.72
27.71,27.71
32.47,32.47
30.69,30.69
23.94,23.94
28.71,28.71
25.91,25.91
18.45,18.45
22.02,22.02
29.17,29.17
37.5,37.5
58.04,58.04
59.82,59.82
55.06,55.06
46.73,46.73
47.92,47.92
68.75,68.75
61.9,61.9
59.23,59.23
55.65,55.65
69.64,69.64
74.4,74.4
59.4,59.4
55.54,55.54
54.35,54.35
53.63,53.63
59.58,59.58
76.55,76.55
57.2,57.2
50.06,50.06
78.33,78.33
64.64,64.64
56.9,56.9
59.29,59.29
48.27,48.27
51.85,51.85
55.42,55.42
74.17,74.17
71.79,71.79
75.6,75.6
77.38,77.38
57.62,57.62
56.72,56.72
56.71,56.71
56.7,56.7
57.58,57.58
57.57,57.57
57.56,57.56
58.86,58.86
58.85,58.85
58.84,58.84
58.83,58.83
50.17,50.17
50.16,50.16
50.15,50.15
50.14,50.14
46.57,46.57
46.56,46.56
46.55,46.55
46.54,46.54
47.43,47.43
47.42,47.42
47.41,47.41
47.4,47.4
47.39,47.39
47.37,47.37
47.36,47.36
47.35,47.35
47.34,47.34
47.33,47.33
47.31,47.31
47.3,47.3
47.28,47.28
47.27,47.27
47.26,47.26
47.25,47.25
47.23,47.23
47.22,47.22
47.21,47.21
47.2,47.2
47.19,47.19
47.18,47.18
47.17,47.17
47.16,47.16
52.66,52.66
52.65,52.65
50.86,50.86
50.85,50.85
49.06,49.06
49.05,49.05
39.58,39.58
41.96,41.96
34.82,34.82
27.98,27.98
63.39,63.39
79.76,79.76
82.62,82.62
80.24,80.24
77.26,77.26
82.26,82.26
79.88,79.88
79.29,79.29
81.67,81.67
80.48,80.48
73.33,73.33
73.59,73.59
72.63,72.63
72.54,72.54
72.41,72.41
72.32,72.32
72.22,72.22
72.11,72.11
72.03,72.03
71.98,71.98
73.36,73.36
73.27,73.27
73.13,73.13
73.05,73.05
72.95,72.95
72.88,72.88
72.82,72.82
66.87,66.87
66.78,66.78
66.74,66.74
66.59,66.59
66.44,66.44
66.06,66.06
66.02,66.02
65.96,65.96
65.84,65.84
65.68,65.68
65.52,65.52
65.34,65.34
65.2,65.2
65.12,65.12
64.99,64.99
64.82,64.82
62.47,62.47
62.3,62.3
62.15,62.15
63.51,63.51
63.4,63.4
63.26,63.26
63.12,63.12
62.9,62.9
62.86,62.86
62.69,62.69
62.46,62.46
62.33,62.33
62.21,62.21
62.17,62.17
62.1,62.1
61.98,61.98
61.88,61.88
61.77,61.77
61.68,61.68
61.63,61.63
61.59,61.59
61.5,61.5
61.4,61.4
61.33,61.33
61.23,61.23
61.17,61.17
61.12,61.12
61.07,61.07
61,61
60.92,60.92
60.86,60.86
60.78,60.78
60.73,60.73
60.68,60.68
60.66,60.66
60.59,60.59
64.41,64.41
64.35,64.35
64.3,64.3
64.27,64.27
64.25,64.25
64.21,64.21
64.16,64.16
64.12,64.12
64.03,64.03
64.01,64.01
63.98,63.98
63.96,63.96
63.93,63.93
63.9,63.9
63.87,63.87
63.86,63.86
63.85,63.85
63.84,63.84
63.82,63.82
63.8,63.8
63.78,63.78
63.76,63.76
63.74,63.74
63.73,63.73
63.72,63.72
63.7,63.7
59.76,59.76
59.74,59.74
59.72,59.72
59.71,59.71
59.69,59.69
60.03,60.03
60.01,60.01
59.99,59.99
65.33,65.33
65.32,65.32
65.3,65.3
65.28,65.28
67.45,67.45
67.44,67.44
67.43,67.43
67.42,67.42
67.4,67.4
62.04,62.04
62.02,62.02
62.01,62.01
62,62
61.99,61.99
61.97,61.97
61.96,61.96
61.95,61.95
61.93,61.93
61.92,61.92
61.91,61.91
61.89,61.89
61.87,61.87
61.85,61.85
61.84,61.84
67.19,67.19
67.18,67.18
67.15,67.15
67.11,67.11
65.27,65.27
65.25,65.25
65.22,65.22
62.89,62.89
57.52,57.52
57.5,57.5
57.47,57.47
57.45,57.45
57.42,57.42
57.4,57.4
57.39,57.39
61.51,61.51
61.49,61.49
61.46,61.46
61.43,61.43
61.37,61.37
61.36,61.36
61.35,61.35
61.32,61.32
61.29,61.29
61.26,61.26
61.22,61.22
62.99,62.99
62.95,62.95
62.92,62.92
62.85,62.85
62.77,62.77
62.75,62.75
62.72,62.72
62.68,62.68
62.66,62.66
62.57,62.57
62.54,62.54
62.52,62.52
62.49,62.49
62.45,62.45
62.41,62.41
62.37,62.37
62.32,62.32
62.29,62.29
62.27,62.27
62.24,62.24
58.76,58.76
58.72,58.72
58.69,58.69
57.37,57.37
58.59,58.59
58.55,58.55
58.52,58.52
57.25,57.25
67.07,67.07
67,67
66.99,66.99
66.95,66.95
66.92,66.92
66.91,66.91
66.89,66.89
66.86,66.86
66.83,66.83
66.8,66.8
66.77,66.77
66.75,66.75
66.73,66.73
66.71,66.71
66.69,66.69
66.68,66.68
66.66,66.66
66.65,66.65
63.49,63.49
63.48,63.48
63.47,63.47
63.46,63.46
67.58,67.58
67.57,67.57
67.56,67.56
66.43,66.43
63.14,63.14
54.7,54.7
73.21,73.21
64.58,64.58
66.96,66.96
71.13,71.13
78.81,78.81
77.62,77.62
82.98,82.98
72.86,72.86
68.1,68.1
70.12,70.12
71.9,71.9
70.6,70.6
73.57,73.57
75.95,75.95
69.15,69.15
69.14,69.14
69.13,69.13
69.12,69.12
69.1,69.1
69.09,69.09
69.08,69.08
69.07,69.07
69.03,69.03
69.02,69.02
63.64,63.64
63.62,63.62
61.58,61.58
66.88,66.88
61.48,61.48
61.41,61.41
63.11,63.11
63.09,63.09
63.08,63.08
63.06,63.06
63.05,63.05
63.04,63.04
62.97,62.97
62.87,62.87
62.83,62.83
62.81,62.81
62.79,62.79
62.74,62.74
62.73,62.73
62.65,62.65
62.64,62.64
62.63,62.63
62.61,62.61
62.6,62.6
62.59,62.59
62.58,62.58
63.79,63.79
63.75,63.75
64.46,64.46
64.39,64.39
64.32,64.32
64.19,64.19
64.11,64.11
63.97,63.97
63.67,63.67
63.58,63.58
63.5,63.5
63.27,63.27
63.18,63.18
63,63
60.36,60.36
60.17,60.17
60.07,60.07
67.02,67.02
66.64,66.64
66.46,66.46
66.38,66.38
66.3,66.3
66.08,66.08
66.01,66.01
64.96,64.96
64.85,64.85
66.98,66.98
66.94,66.94
66.9,66.9
66.82,66.82
66.7,66.7
66.58,66.58
66.54,66.54
66.5,66.5
66.47,66.47
66.45,66.45
66.42,66.42
66.4,66.4
66.37,66.37
66.35,66.35
66.32,66.32
66.24,66.24
66.21,66.21
64.38,64.38
64.36,64.36
64.33,64.33
64.28,64.28
64.24,64.24
64.23,64.23
64.2,64.2
64.18,64.18
62.38,62.38
62.36,62.36
62.35,62.35
62.34,62.34
62.31,62.31
62.28,62.28
62.09,62.09
62.08,62.08
62.07,62.07
62.06,62.06
62.05,62.05
62.03,62.03
59.57,59.57
59.56,59.56
59.55,59.55
59.54,59.54
59.53,59.53
59.51,59.51
59.5,59.5
59.49,59.49
59.48,59.48
59.47,59.47
59.46,59.46
59.39,59.39
59.38,59.38
59.37,59.37
59.36,59.36
59.35,59.35
59.34,59.34
56.36,56.36
56.35,56.35
56.34,56.34
56.33,56.33
56.32,56.32
56.31,56.31
56.3,56.3
52.26,52.26
52.25,52.25
49.86,49.86
49.85,49.85
49.84,49.84
46.2,46.2
46.19,46.19
46.18,46.18
43.07,43.07
39.11,39.11
40.22,40.22
15.77,15.77
27.08,27.08
17.86,17.86
13.69,13.69
15.12,15.12
30.71,30.71
23.57,23.57
25.12,25.12
21.55,21.55
24.4,24.4
53.27,53.27
62.14,62.14
63.57,63.57
73.69,73.69
75.12,75.12
65,65
67.38,67.38
63.81,63.81
49.55,49.55
49.54,49.54
49.53,49.53
49.51,49.51
49.5,49.5
49.48,49.48
49.47,49.47
49.46,49.46
50.35,50.35
50.34,50.34
50.33,50.33
50.32,50.32
50.31,50.31
50.29,50.29
50.28,50.28
55.26,55.26
55.25,55.25
55.24,55.24
55.23,55.23
55.22,55.22
55.21,55.21
55.2,55.2
55.19,55.19
55.18,55.18
55.17,55.17
55.16,55.16
55.15,55.15
55.14,55.14
55.13,55.13
53.35,53.35
53.34,53.34
53.33,53.33
53.32,53.32
53.31,53.31
53.3,53.3
53.29,53.29
53.28,53.28
53.26,53.26
53.24,53.24
53.23,53.23
53.21,53.21
53.2,53.2
53.17,53.17
53.16,53.16
53.14,53.14
53.12,53.12
53.11,53.11
52.58,52.58
52.57,52.57
52.55,52.55
48.38,48.38
5.36,5.36
16.07,16.07
60.42,60.42
33.63,33.63
44.76,44.76
39.4,39.4
38.45,38.45
43.81,43.81
48.57,48.57
44.4,44.4
50.95,50.95
50.94,50.94
50.25,50.25
40.65,40.65
40.5,40.5
40.39,40.39
22.62,22.62
21.43,21.43
28.57,28.57
26.79,26.79
28.69,28.69
29.29,29.29
25.89,25.89
25,25
68.39,68.39
75.89,75.89
77.32,77.32
78.75,78.75
82.32,82.32
81.31,81.31
84.88,84.88
75.24,75.24
71.67,71.67
60.95,60.95
64.52,64.52
39.76,39.76
90.12,90.12
81.19,81.19
85.48,85.48
77.14,77.14
78.93,78.93
50.36,50.36
55.53,55.53
58.95,58.95
58.94,58.94
72.04,72.04
72.02,72.02
72.01,72.01
76.77,76.77
74.38,74.38
67.24,67.24
64.68,64.68
47.99,47.99
47.94,47.94
43.18,43.18
43.15,43.15
43.14,43.14
43.13,43.13
35.71,35.71
50.83,50.83
53.69,53.69
56.07,56.07
58.43,58.43
58.42,58.42
58.41,58.41
58.4,58.4
58.39,58.39
58.38,58.38
58.37,58.37
58.36,58.36
58.35,58.35
58.34,58.34
58.32,58.32
58.31,58.31
54.64,54.64
54.62,54.62
54.61,54.61
54.6,54.6
54.59,54.59
54.58,54.58
54.57,54.57
54.56,54.56
54.55,54.55
54.54,54.54
54.53,54.53
54.52,54.52
54.51,54.51
54.5,54.5
54.49,54.49
54.48,54.48
54.47,54.47
54.45,54.45
54.44,54.44
54.43,54.43
54.42,54.42
54.41,54.41
52.03,52.03
52.02,52.02
52.01,52.01
52,52
51.99,51.99
51.98,51.98
54.36,54.36
54.34,54.34
53.25,53.25
53.22,53.22
53.19,53.19
42.84,42.84
41.18,41.18
31.25,31.25
63.21,63.21
66.79,66.79
58.61,58.61
58.57,58.57
58.54,58.54
58.5,58.5
58.48,58.48
58.44,58.44
62.53,62.53
62.51,62.51
62.48,62.48
57.22,57.22
57.21,57.21
57.19,57.19
57.18,57.18
57.17,57.17
57.16,57.16
62.25,62.25
53.02,53.02
53.01,53.01
53,53
52.99,52.99
52.97,52.97
52.96,52.96
52.94,52.94
52.92,52.92
47.75,47.75
47.74,47.74
47.73,47.73
40.58,40.58
40.57,40.57
40.56,40.56
40.55,40.55
40.54,40.54
40.53,40.53
40.52,40.52
40.51,40.51
40.49,40.49
40.47,40.47
40.46,40.46
40.45,40.45
40.44,40.44
43.95,43.95
43.94,43.94
43.93,43.93
43.92,43.92
43.91,43.91
46.89,46.89
46.88,46.88
46.87,46.87
46.86,46.86
46.85,46.85
46.84,46.84
46.83,46.83
46.82,46.82
46.81,46.81
46.8,46.8
46.79,46.79
46.78,46.78
46.77,46.77
46.76,46.76
46.75,46.75
46.74,46.74
44.93,44.93
44.92,44.92
49.93,49.93
49.92,49.92
49.9,49.9
49.89,49.89
49.88,49.88
49.16,49.16
49.15,49.15
49.14,49.14
49.13,49.13
49.12,49.12
49.11,49.11
49.1,49.1
49.09,49.09
49.08,49.08
57.41,57.41
57.36,57.36
35.48,35.48
85.71,85.71
83.33,83.33
69.35,69.35
68.15,68.15
70.65,70.65
71.49,71.49
69.7,69.7
70.89,70.89
75.18,75.18
72.76,72.76
69.19,69.19
69.06,69.06
65.45,65.45
65.44,65.44
65.43,65.43
65.39,65.39
71.05,71.05
71.02,71.02
69.83,69.83
64.1,64.1
64.07,64.07
59.85,59.85
59.81,59.81
59.98,59.98
59.94,59.94
56.94,56.94
56.88,56.88
56.85,56.85
56.82,56.82
13.99,13.99
21.13,21.13
24.7,24.7
44.35,44.35
46.43,46.43
44.88,44.88
44.17,44.17
41.19,41.19
40,40
45,45
44.62,44.62
11.9,11.9
10.12,10.12
48.51,48.51
47.56,47.56
43.33,43.33
46.9,46.9
44.52,44.52
36.07,36.07
37.86,37.86
32.5,32.5
27.14,27.14
29.52,29.52
25.95,25.95
10.71,10.71
70.88,70.88
70.86,70.86
70.84,70.84
66.6,66.6
64.79,64.79
64.78,64.78
64.77,64.77
64.76,64.76
64.75,64.75
64.74,64.74
64.73,64.73
64.72,64.72
64.71,64.71
64.7,64.7
66.48,66.48
66.41,66.41
65.65,65.65
58.15,58.15
58.06,58.06
57.97,57.97
57.94,57.94
57.92,57.92
57.86,57.86
57.81,57.81
57.6,57.6
69.61,69.61
69.59,69.59
69.51,69.51
69.49,69.49
69.44,69.44
69.42,69.42
69.39,69.39
69.11,69.11
70.87,70.87
68.53,68.53
68.51,68.51
75.61,75.61
73.22,73.22
60.11,60.11
60.1,60.1
59.2,59.2
59.19,59.19
58.21,58.21
55.83,55.83
59.64,59.64
74.52,74.52
70.95,70.95
71.44,71.44
60.16,60.16
57.75,57.75
57.73,57.73
57.71,57.71
57.7,57.7
50.66,50.66
50.65,50.65
56.6,56.6
56.59,56.59
61.3,61.3
58.92,58.92
58.91,58.91
58.9,58.9
55.33,55.33
54.74,54.74
54.69,54.69
50.9,50.9
50.88,50.88
48.48,48.48
35.39,35.39
35.37,35.37
35.34,35.34
35.33,35.33
31.76,31.76
31.74,31.74
27.74,27.74
4.76,4.76
8.33,8.33
34.4,34.4
33.21,33.21
32.02,32.02
33.81,33.81
38.57,38.57
54.82,54.82
42.56,42.56
41.99,41.99
41.98,41.98
46.14,46.14
46.13,46.13
46.12,46.12
45.21,45.21
45.2,45.2
45.19,45.19
45.17,45.17
45.16,45.16
46.95,46.95
39.8,39.8
39.79,39.79
39.78,39.78
39.77,39.77
39.75,39.75
39.74,39.74
39.73,39.73
39.72,39.72
39.71,39.71
39.7,39.7
39.69,39.69
39.68,39.68
39.67,39.67
39.66,39.66
39.65,39.65
32.44,32.44
34.23,34.23
36.01,36.01
10.42,10.42
21.73,21.73
27.68,27.68
65.77,65.77
70.06,70.06
68.27,68.27
61.73,61.73
52.8,52.8
56.61,56.61
60.18,60.18
54.23,54.23
53.04,53.04
53.95,53.95
53.92,53.92
53.88,53.88
53.86,53.86
53.84,53.84
53.83,53.83
53.8,53.8
53.76,53.76
53.72,53.72
53.68,53.68
53.65,53.65
53.62,53.62
53.58,53.58
53.55,53.55
53.51,53.51
53.49,53.49
53.46,53.46
53.43,53.43
53.4,53.4
53.36,53.36
53.18,53.18
53.15,53.15
53.13,53.13
53.1,53.1
53.08,53.08
53.05,53.05
52.88,52.88
52.85,52.85
52.83,52.83
52.82,52.82
46.72,46.72
46.68,46.68
46.65,46.65
46.62,46.62
46.59,46.59
46.53,46.53
46.5,46.5
46.46,46.46
46.45,46.45
46.42,46.42
46.4,46.4
46.37,46.37
46.34,46.34
46.32,46.32
46.31,46.31
46.29,46.29
48.6,48.6
48.55,48.55
48.53,48.53
48.52,48.52
48.49,48.49
48.47,48.47
48.45,48.45
48.44,48.44
48.42,48.42
48.41,48.41
51.97,51.97
51.95,51.95
51.93,51.93
51.91,51.91
51.88,51.88
51.87,51.87
51.84,51.84
51.83,51.83
51.81,51.81
51.8,51.8
44.47,44.47
43.54,43.54
43.5,43.5
43.49,43.49
43.48,43.48
43.47,43.47
43.46,43.46
43.43,43.43
40.94,40.94
40.93,40.93
40.92,40.92
40.91,40.91
40.9,40.9
40.89,40.89
40.87,40.87
40.86,40.86
40.85,40.85
43.23,43.23
43.22,43.22
43.2,43.2
43.16,43.16
43.67,43.67
43.66,43.66
43.65,43.65
43.63,43.63
43.61,43.61
43.6,43.6
43.59,43.59
41.2,41.2
41.16,41.16
41.15,41.15
41.14,41.14
41.12,41.12
41.11,41.11
41.25,41.25
41.24,41.24
41.23,41.23
41.22,41.22
41.21,41.21
41.13,41.13
41.09,41.09
41.08,41.08
40.17,40.17
40.15,40.15
40.14,40.14
40.13,40.13
40.12,40.12
40.11,40.11
40.09,40.09
40.08,40.08
40.07,40.07
39.18,39.18
39.16,39.16
39.15,39.15
39.14,39.14
39.13,39.13
39.12,39.12
39.1,39.1
39.09,39.09
39.08,39.08
36.84,36.84
36.83,36.83
36.82,36.82
36.81,36.81
36.8,36.8
36.79,36.79
36.78,36.78
36.77,36.77
36.76,36.76
36.75,36.75
36.74,36.74
36.73,36.73
36.72,36.72
36.71,36.71
36.7,36.7
36.69,36.69
36.67,36.67
36.66,36.66
36.64,36.64
36.6,36.6
36.59,36.59
36.58,36.58
36.57,36.57
36.48,36.48
36.47,36.47
35.54,35.54
35.53,35.53
35.52,35.52
35.51,35.51
35.5,35.5
35.47,35.47
35.46,35.46
35.45,35.45
35.44,35.44
35.43,35.43
35.42,35.42
34.39,34.39
33.26,33.26
33.25,33.25
33.24,33.24
32.35,32.35
32.34,32.34
31.49,31.49
71.07,71.07
69.4,69.4
68.43,68.43
68.42,68.42
67.49,67.49
67.48,67.48
67.47,67.47
67.46,67.46
59.08,59.08
59.07,59.07
56.69,56.69
56.68,56.68
61.42,61.42
57.83,57.83
55.44,55.44
55.43,55.43
47.86,47.86
52.14,52.14
50.71,50.71
77.59,77.59
77.58,77.58
77.57,77.57
77.56,77.56
69.18,69.18
69.01,69.01
68.98,68.98
70.75,70.75
63.01,63.01
62.88,62.88
63.61,63.61
63.6,63.6
63.59,63.59
60.64,60.64
60.6,60.6
60.51,60.51
55.75,55.75
55.69,55.69
55.62,55.62
36.46,36.46
36.36,36.36
29.22,29.22
33.98,33.98
33.95,33.95
29.19,29.19
80.65,80.65
78.87,78.87
77.68,77.68
74.11,74.11
50.54,50.54
51.96,51.96
74.46,74.46
65.18,65.18
80.06,80.06
81.55,81.55
79.46,79.46
68.93,68.93
74.29,74.29
75.71,75.71
74.76,74.76
68.21,68.21
12.38,12.38
31.31,31.31
22.98,22.98
28.93,28.93
33.69,33.69
30.12,30.12
61.61,61.61
68.33,68.33
69.17,69.17
69.04,69.04
68.99,68.99
68.94,68.94
68.88,68.88
68.83,68.83
68.8,68.8
68.77,68.77
68.72,68.72
68.68,68.68
68.65,68.65
65.04,65.04
65.01,65.01
64.98,64.98
64.95,64.95
63.91,63.91
63.89,63.89
62.78,62.78
62.76,62.76
62.71,62.71
62.67,62.67
67.28,67.28
67.27,67.27
68.44,68.44
66.04,66.04
66.03,66.03
64.22,64.22
66.57,66.57
66.56,66.56
65.37,65.37
67.73,67.73
67.72,67.72
68.25,68.25
67.7,67.7
67.69,67.69
67.68,67.68
67.67,67.67
67.66,67.66
67.65,67.65
67.64,67.64
67.63,67.63
67.6,67.6
67.59,67.59
67.55,67.55
67.54,67.54
67.53,67.53
65.14,65.14
65.13,65.13
65.11,65.11
65.58,65.58
65.57,65.57
67.35,67.35
67.34,67.34
67.33,67.33
67.32,67.32
67.3,67.3
63.24,63.24
63.23,63.23
67.25,67.25
69.93,69.93
69.92,69.92
65.15,65.15
64.94,64.94
64.93,64.93
69.67,69.67
69.66,69.66
69.65,69.65
69.63,69.63
70.53,70.53
70.52,70.52
70.51,70.51
70.5,70.5
70.49,70.49
65.97,65.97
57.35,57.35
51.12,51.12
46.61,46.61
46.6,46.6
46.58,46.58
44.78,44.78
44.77,44.77
44.75,44.75
44.74,44.74
43.29,43.29
43.28,43.28
42.61,42.61
42.6,42.6
35.38,35.38
35.35,35.35
34.44,34.44
34.43,34.43
34.42,34.42
33.45,33.45
33.44,33.44
33.43,33.43
32.77,32.77
32.76,32.76
31.45,31.45
31.44,31.44
33.22,33.22
33.2,33.2
31.42,31.42
31.41,31.41
33.19,33.19
29.62,29.62
29.61,29.61
26.03,26.03
26.02,26.02
24.23,24.23
63.33,63.33
51.92,51.92
51.78,51.78
51.75,51.75
51.74,51.74
51.65,51.65
51.6,51.6
51.15,51.15
52.52,52.52
52.49,52.49
52.48,52.48
52.47,52.47
52.45,52.45
52.43,52.43
52.41,52.41
52.39,52.39
52.37,52.37
52.36,52.36
52.34,52.34
52.32,52.32
52.31,52.31
52.28,52.28
52.22,52.22
52.21,52.21
52.2,52.2
52.18,52.18
52.17,52.17
52.16,52.16
52.15,52.15
52.13,52.13
52.12,52.12
52.11,52.11
52.1,52.1
52.08,52.08
52.07,52.07
52.06,52.06
52.05,52.05
52.04,52.04
55.56,55.56
55.55,55.55
55.51,55.51
55.5,55.5
55.49,55.49
55.47,55.47
55.45,55.45
55.41,55.41
55.4,55.4
55.38,55.38
55.37,55.37
55.35,55.35
55.34,55.34
55.31,55.31
55.3,55.3
55.28,55.28
55.12,55.12
55.11,55.11
55.09,55.09
55.07,55.07
55.05,55.05
55.03,55.03
55.02,55.02
55.01,55.01
55,55
54.99,54.99
54.98,54.98
54.97,54.97
54.96,54.96
54.95,54.95
54.94,54.94
54.93,54.93
54.92,54.92
54.91,54.91
54.9,54.9
54.89,54.89
54.87,54.87
54.86,54.86
56.03,56.03
56.02,56.02
56.01,56.01
54.83,54.83
54.81,54.81
54.8,54.8
54.79,54.79
54.78,54.78
55.57,55.57
57.15,57.15
56.15,56.15
56.14,56.14
56.13,56.13
56.12,56.12
56.11,56.11
56.1,56.1
56.09,56.09
56.08,56.08
56.06,56.06
56.05,56.05
54.85,54.85
54.84,54.84
71.73,71.73
77.08,77.08
80.18,80.18
81.61,81.61
83.39,83.39
85.77,85.77
81.37,81.37
78.11,78.11
78.09,78.09
72.71,72.71
72.69,72.69
72.67,72.67
69,69
68.97,68.97
68.91,68.91
68.9,68.9
68.87,68.87
68.85,68.85
68.84,68.84
68.82,68.82
68.78,68.78
68.76,68.76
68.74,68.74
66.28,66.28
54.25,54.25
54.24,54.24
54.2,54.2
54.18,54.18
54.14,54.14
54.12,54.12
50.73,50.73
50.69,50.69
50.62,50.62
50.58,50.58
50.55,50.55
50.53,50.53
50.51,50.51
50.49,50.49
50.47,50.47
50.45,50.45
50.44,50.44
50.42,50.42
50.41,50.41
50.39,50.39
50.38,50.38
50.37,50.37
50.27,50.27
50.26,50.26
50.24,50.24
50.23,50.23
50.22,50.22
50.21,50.21
50.2,50.2
50.19,50.19
50.18,50.18
44.73,44.73
44.72,44.72
44.71,44.71
44.7,44.7
44.67,44.67
44.65,44.65
44.63,44.63
44.6,44.6
44.59,44.59
44.57,44.57
44.55,44.55
45.98,45.98
45.96,45.96
45.95,45.95
45.93,45.93
45.92,45.92
45.91,45.91
45.9,45.9
45.88,45.88
45.87,45.87
45.86,45.86
45.85,45.85
45.84,45.84
45.82,45.82
45.8,45.8
45.79,45.79
45.78,45.78
45.77,45.77
45.75,45.75
45.74,45.74
45.73,45.73
45.72,45.72
45.71,45.71
45.7,45.7
45.69,45.69
45.68,45.68
45.67,45.67
45.66,45.66
45.65,45.65
45.64,45.64
45.63,45.63
45.62,45.62
45.61,45.61
45.59,45.59
45.58,45.58
45.57,45.57
45.36,45.36
45.35,45.35
45.34,45.34
45.33,45.33
45.32,45.32
45.31,45.31
45.3,45.3
45.29,45.29
45.28,45.28
45.27,45.27
41.52,41.52
41.51,41.51
41.5,41.5
41.49,41.49
42.49,42.49
42.48,42.48
42.47,42.47
42.46,42.46
42.45,42.45
42.44,42.44
42.43,42.43
42.42,42.42
42.41,42.41
42.4,42.4
42.39,42.39
42.38,42.38
42.37,42.37
42.36,42.36
42.35,42.35
42.34,42.34
42.33,42.33
42.32,42.32
42.31,42.31
41.41,41.41
41.4,41.4
41.39,41.39
36.92,36.92
36.91,36.91
36.89,36.89
30.15,30.15
69.94,69.94
77.02,77.02
63.63,63.63
60.06,60.06
58.51,58.51
60.48,60.48
78.63,78.63
67.92,67.92
68.81,68.81
71.19,71.19
76.49,76.49
81.85,81.85
69.23,69.23
84.52,84.52
43.75,43.75
25.3,25.3
37.14,37.14
22.38,22.38
45.54,45.54
40.18,40.18
41.37,41.37
22.92,22.92
24.11,24.11
26.49,26.49
31.85,31.85
35.95,35.95
40.71,40.71
33.57,33.57
34.76,34.76
44.29,44.29
34.17,34.17
33.67,33.67
33.66,33.66
38.66,38.66
35.09,35.09
35.08,35.08
30.25,30.25
30.23,30.23
35.58,35.58
32.98,32.98
54.65,54.65
47.51,47.51
48.59,48.59
47.98,47.98
51.67,51.67
35.6,35.6
46.08,46.08
45.02,45.02
74.58,74.58
71.01,71.01
71.31,71.31
68.57,68.57
56.87,56.87
56.84,56.84
56.81,56.81
56.8,56.8
56.78,56.78
56.77,56.77
56.76,56.76
56.73,56.73
58.6,58.6
58.58,58.58
58.29,58.29
58.28,58.28
58.25,58.25
60.83,60.83
60.65,60.65
60.63,60.63
60.5,60.5
60.46,60.46
60.45,60.45
60.33,60.33
60.32,60.32
60.29,60.29
60.25,60.25
60.2,60.2
60.09,60.09
60.05,60.05
59.97,59.97
59.93,59.93
59.89,59.89
59.86,59.86
59.77,59.77
59.73,59.73
59.65,59.65
59.61,59.61
59.44,59.44
59.41,59.41
59.28,59.28
59.25,59.25
59.18,59.18
59.15,59.15
59.13,59.13
59.1,59.1
59.06,59.06
59.03,59.03
59.01,59.01
58.99,58.99
58.97,58.97
58.89,58.89
58.88,58.88
56.26,56.26
48.98,48.98
48.9,48.9
48.79,48.79
48.7,48.7
48.67,48.67
48.66,48.66
52.79,52.79
52.78,52.78
52.76,52.76
52.75,52.75
52.72,52.72
40.05,40.05
37.2,37.2
40.96,40.96
56.04,56.04
57.03,57.03
56.99,56.99
56.98,56.98
34.46,34.46
32.08,32.08
61.52,61.52
61.44,61.44
58.78,58.78
58.7,58.7
58.62,58.62
54.77,54.77
54.72,54.72
58.27,58.27
58.24,58.24
53.42,53.42
53.39,53.39
53.37,53.37
51.59,51.59
51.56,51.56
50.13,50.13
50.1,50.1
50.08,50.08
50.03,50.03
78.04,78.04
41.17,41.17
33.42,33.42
33.41,33.41
33.4,33.4
33.39,33.39
33.38,33.38
33.37,33.37
33.36,33.36
80,80
85.6,85.6
85.24,85.24
82.86,82.86
76.9,76.9
69.76,69.76
68.86,68.86
63.94,63.94
63.68,63.68
63.13,63.13
62.39,62.39
62.23,62.23
62.16,62.16
62.12,62.12
62.93,62.93
66.39,66.39
66.2,66.2
66.17,66.17
66,66
65.93,65.93
65.89,65.89
65.85,65.85
65.81,65.81
65.79,65.79
65.74,65.74
65.61,65.61
65.55,65.55
61.94,61.94
61.81,61.81
61.79,61.79
61.78,61.78
61.75,61.75
61.69,61.69
61.62,61.62
57.34,57.34
57.33,57.33
57.32,57.32
57.29,57.29
57.27,57.27
57.24,57.24
57.23,57.23
57.13,57.13
57.12,57.12
57.1,57.1
60.08,60.08
60,60
59.87,59.87
59.8,59.8
61.25,61.25
61.21,61.21
61.18,61.18
61.16,61.16
59.32,59.32
59.21,59.21
59.16,59.16
54.67,54.67
78.45,78.45
82.02,82.02
83.81,83.81
79.64,79.64
81.43,81.43
81.07,81.07
57.89,57.89
57.88,57.88
57.87,57.87
57.85,57.85
57.84,57.84
57.82,57.82
59.68,59.68
59.66,59.66
59.62,59.62
59.6,59.6
51.08,51.08
51.03,51.03
51,51
50.96,50.96
50.92,50.92
54.4,54.4
54.37,54.37
55.77,55.77
55.76,55.76
55.74,55.74
55.73,55.73
55.72,55.72
55.7,55.7
55.68,55.68
55.66,55.66
55.64,55.64
55.63,55.63
55.61,55.61
55.6,55.6
55.59,55.59
51.94,51.94
51.86,51.86
53.99,53.99
53.97,53.97
53.96,53.96
53.94,53.94
53.91,53.91
53.89,53.89
53.85,53.85
49.82,49.82
49.81,49.81
49.79,49.79
49.78,49.78
49.76,49.76
49.73,49.73
49.72,49.72
49.7,49.7
49.69,49.69
49.58,49.58
49.57,49.57
48.72,48.72
48.71,48.71
38.99,38.99
70.71,70.71
70.36,70.36
58.49,58.49
57.78,57.78
57.72,57.72
57.67,57.67
57.64,57.64
57.61,57.61
57.59,57.59
54,54
53.98,53.98
53.47,53.47
53.44,53.44
53.41,53.41
53.38,53.38
52.6,52.6
52.54,52.54
48.97,48.97
48.95,48.95
48.91,48.91
48.89,48.89
48.8,48.8
48.78,48.78
49.96,49.96
60.82,60.82
60.81,60.81
60.79,60.79
60.77,60.77
60.76,60.76
60.74,60.74
60.7,60.7
60.69,60.69
60.67,60.67
60.62,60.62
60.61,60.61
60.57,60.57
60.55,60.55
60.54,60.54
60.53,60.53
60.52,60.52
60.49,60.49
60.47,60.47
60.44,60.44
60.41,60.41
60.39,60.39
60.34,60.34
60.31,60.31
60.3,60.3
60.28,60.28
60.27,60.27
60.26,60.26
60.23,60.23
60.21,60.21
60.19,60.19
60.15,60.15
60.13,60.13
60.04,60.04
59.96,59.96
59.95,59.95
42.02,42.02
39.64,39.64
33.1,33.1
40.24,40.24
42.74,42.74
40.6,40.6
49.17,49.17
43.12,43.12
75.07,75.07
75.06,75.06
78.59,78.59
78.56,78.56
78.55,78.55
78.54,78.54
78.52,78.52
78.51,78.51
73.74,73.74
73.73,73.73
73.72,73.72
73.7,73.7
71.32,71.32
71.3,71.3
67.41,67.41
67.39,67.39
47.32,47.32
65.1,65.1
65.09,65.09
65.08,65.08
65.07,65.07
65.06,65.06
65.02,65.02
64.91,64.91
62.96,62.96
62.82,62.82
57.93,57.93
57.91,57.91
59.22,59.22
59.17,59.17
59.11,59.11
59.04,59.04
59.02,59.02
59,59
58.98,58.98
55.29,55.29
55.27,55.27
54.31,54.31
54.28,54.28
54.26,54.26
54.13,54.13
54.03,54.03
53.93,53.93
53.87,53.87
53.82,53.82
53.71,53.71
53.66,53.66
53.64,53.64
53.61,53.61
53.52,53.52
53.48,53.48
56.95,56.95
56.93,56.93
56.89,56.89
56.66,56.66
56.49,56.49
56.44,56.44
56.28,56.28
56.24,56.24
56.2,56.2
56.17,56.17
55.99,55.99
55.98,55.98
55.97,55.97
55.94,55.94
55.93,55.93
46.17,46.17
46.16,46.16
46.15,46.15
47.9,47.9
47.89,47.89
50.12,50.12
50.11,50.11
50.09,50.09
49.98,49.98
49.43,49.43
49.41,49.41
49.39,49.39
49.37,49.37
49.35,49.35
49.33,49.33
49.31,49.31
49.27,49.27
49.25,49.25
51.62,51.62
51.58,51.58
51.57,51.57
51.54,51.54
51.53,51.53
30.7,30.7
28.91,28.91
67.98,67.98
52.53,52.53
52.44,52.44
54.22,54.22
54.08,54.08
54.06,54.06
50.74,50.74
51.71,51.71
57.02,57.02
66.49,66.49
71.39,71.39
71.38,71.38
71.36,71.36
71.35,71.35
71.34,71.34
71.33,71.33
71.29,71.29
71.28,71.28
71.42,71.42
71.41,71.41
71.4,71.4
69.57,69.57
69.54,69.54
69.53,69.53
69.5,69.5
69.48,69.48
69.47,69.47
57.09,57.09
57.08,57.08
51.64,51.64
47.29,47.29
46.07,46.07
46.06,46.06
46.05,46.05
46.04,46.04
46.03,46.03
46.01,46.01
46,46
45.81,45.81
45.76,45.76
43.89,43.89
43.88,43.88
43.87,43.87
43.86,43.86
43.85,43.85
43.84,43.84
43.83,43.83
43.82,43.82
43.8,43.8
43.79,43.79
43.78,43.78
43.77,43.77
43.76,43.76
43.74,43.74
43.73,43.73
49.66,49.66
49.65,49.65
49.64,49.64
43.68,43.68
43.64,43.64
43.62,43.62
41.79,41.79
21.79,21.79
66.55,66.55
53.59,53.59
51.89,51.89
53.67,53.67
51.06,51.06
51.01,51.01
50.97,50.97
47.24,47.24
48.56,48.56
41.73,41.73
41.72,41.72
48.69,48.69
45.12,45.12
41.55,41.55
41.54,41.54
40.35,40.35
40.34,40.34
44.49,44.49
44.48,44.48
44.46,44.46
66.11,66.11
61.34,61.34
61.28,61.28
45.37,45.37
44.38,44.38
41.78,41.78
41.76,41.76
41.75,41.75
41.71,41.71
39.93,39.93
39.92,39.92
39.91,39.91
39.9,39.9
39.89,39.89
39.87,39.87
39.86,39.86
39.85,39.85
33.88,33.88
33.87,33.87
33.86,33.86
33.85,33.85
33.84,33.84
33.83,33.83
33.82,33.82
33.8,33.8
33.79,33.79
33.78,33.78
35.56,35.56
35.55,35.55
35.49,35.49
39.04,39.04
39.03,39.03
39.02,39.02
39.01,39.01
39,39
38.98,38.98
38.97,38.97
38.96,38.96
38.95,38.95
38.94,38.94
41.31,41.31
41.3,41.3
41.29,41.29
41.28,41.28
41.27,41.27
48.2,48.2
48.19,48.19
48.18,48.18
51.82,51.82
49.38,49.38
49.36,49.36
49.34,49.34
49.32,49.32
49.3,49.3
49.28,49.28
49.26,49.26
49.22,49.22
49.21,49.21
49.2,49.2
49.18,49.18
54.33,54.33
54.32,54.32
54.3,54.3
54.29,54.29
54.27,54.27
47.09,47.09
47.08,47.08
32.79,32.79
28.03,28.03
4.17,4.17
49.42,49.42
51.2,51.2
47.63,47.63
46.25,46.25
46.24,46.24
82.24,82.24
82.15,82.15
82.06,82.06
82.01,82.01
79.63,79.63
79.56,79.56
79.52,79.52
79.5,79.5
81.29,81.29
81.26,81.26
81.24,81.24
81.9,81.9
81.88,81.88
81.84,81.84
81.81,81.81
80.02,80.02
74.09,74.09
74.08,74.08
69.38,69.38
69.37,69.37
66.97,66.97
42.94,42.94
42.89,42.89
43.36,43.36
43.26,43.26
43.25,43.25
43.24,43.24
45.01,45.01
46.71,46.71
46.7,46.7
40.77,40.77
71.25,71.25
71.85,71.85
74.23,74.23
75.65,75.65
60.89,60.89
60.87,60.87
56,56
54.15,54.15
52.9,52.9
54.68,54.68
54.66,54.66
51.1,51.1
53.07,53.07
59.63,59.63
59.33,59.33
59.31,59.31
58.79,58.79
58.65,58.65
58.23,58.23
58.09,58.09
57.95,57.95
57.8,57.8
57.54,57.54
58.26,58.26
58.13,58.13
58.02,58.02
57.53,57.53
58.12,58.12
58.05,58.05
58.01,58.01
57.76,57.76
55.96,55.96
55.89,55.89
55.85,55.85
55.82,55.82
54.73,54.73
54.1,54.1
57.46,57.46
59.12,59.12
58.96,58.96
58.8,58.8
58.75,58.75
58.71,58.71
58.67,58.67
58.64,58.64
58.56,58.56
58.53,58.53
61.27,61.27
61.24,61.24
61.2,61.2
61.14,61.14
61.11,61.11
61.09,61.09
61.08,61.08
61.06,61.06
59.14,59.14
59.09,59.09
57.28,57.28
57.11,57.11
47.88,47.88
47.85,47.85
47.84,47.84
47.83,47.83
47.82,47.82
47.81,47.81
47.8,47.8
47.79,47.79
47.78,47.78
47.77,47.77
47.76,47.76
47.72,47.72
40.68,40.68
40.67,40.67
38.29,38.29
31.15,31.15
37.68,37.68
17.08,17.08
50.67,50.67
50.57,50.57
48.06,48.06
48.05,48.05
46.66,46.66
42.2,42.2
42.19,42.19
28.27,28.27
23.51,23.51
52.5,52.5
35.83,35.83
37.26,37.26
54.71,54.71
59.27,59.27
58.74,58.74
62.94,62.94
51.68,51.68
42.21,42.21
42.06,42.06
38.01,38.01
37.96,37.96
37.79,37.79
63.71,63.71
63.56,63.56
63.55,63.55
59.75,59.75
56.18,56.18
32.86,32.86
81.79,81.79
83.21,83.21
80.83,80.83
84.64,84.64
90,90
87.98,87.98
83.69,83.69
72.74,72.74
66.51,66.51
73.56,73.56
73.54,73.54
73.48,73.48
73.45,73.45
73.29,73.29
73.24,73.24
73.16,73.16
76.72,76.72
76.7,76.7
76.69,76.69
76.68,76.68
76.67,76.67
76.65,76.65
76.64,76.64
76.63,76.63
76.62,76.62
76.61,76.61
76.6,76.6
76.59,76.59
75.99,75.99
75.98,75.98
75.97,75.97
75.96,75.96
75.94,75.94
75.93,75.93
75.92,75.92
75.91,75.91
75.9,75.9
75.88,75.88
77.3,77.3
77.29,77.29
77.28,77.28
77.27,77.27
75.72,75.72
75.7,75.7
75.69,75.69
75.68,75.68
75.67,75.67
75.66,75.66
75.64,75.64
75.63,75.63
75.62,75.62
75.59,75.59
75.58,75.58
75.57,75.57
75.56,75.56
76.85,76.85
76.84,76.84
76.83,76.83
76.82,76.82
78.6,78.6
78.58,78.58
78.53,78.53
78.5,78.5
78.49,78.49
78.47,78.47
78.46,78.46
78.44,78.44
77.54,77.54
77.53,77.53
77.52,77.52
77.51,77.51
77.5,77.5
77.49,77.49
77.48,77.48
77.47,77.47
77.46,77.46
77.45,77.45
77.44,77.44
77.43,77.43
77.42,77.42
77.41,77.41
72.61,72.61
72.6,72.6
72.58,72.58
72.56,72.56
73.71,73.71
73.68,73.68
71.89,71.89
61.15,61.15
58.73,58.73
38.73,38.73
42.17,42.17
42.16,42.16
42.15,42.15
42.13,42.13
42.12,42.12
42.11,42.11
42.1,42.1
48.1,48.1
48.33,48.33
48.99,48.99
48.54,48.54
44.56,44.56
46.26,46.26
49.68,49.68
49.62,49.62
44.34,44.34
44.31,44.31
44.91,44.91
44.86,44.86
45.47,45.47
47.15,47.15
47.14,47.14
47.13,47.13
45.14,45.14
45.13,45.13
41.56,41.56
42.75,42.75
41.6,41.6
41.59,41.59
32.66,32.66
30.87,30.87
46.67,46.67
72.08,72.08
56.37,56.37
59.67,59.67
52.4,52.4
52.35,52.35
63.54,63.54
63.53,63.53
68.4,68.4
68.38,68.38
73.94,73.94
73.86,73.86
73.83,73.83
73.82,73.82
73.8,73.8
76.98,76.98
76.96,76.96
76.93,76.93
76.89,76.89
76.87,76.87
76.51,76.51
76.47,76.47
76.44,76.44
76.42,76.42
76.35,76.35
76.33,76.33
78.05,78.05
77.94,77.94
77.92,77.92
77.87,77.87
77.82,77.82
75.83,75.83
75.81,75.81
75.79,75.79
75.76,75.76
75.51,75.51
75.48,75.48
75.46,75.46
75.44,75.44
75.42,75.42
75.39,75.39
75.38,75.38
77.17,77.17
77.12,77.12
77.07,77.07
77,77
70.98,70.98
73.52,73.52
73.43,73.43
73.41,73.41
69.72,69.72
69.6,69.6
69.58,69.58
31.57,31.57
35.11,35.11
35.1,35.1
35.07,35.07
37.44,37.44
39.82,39.82
39.21,39.21
29.69,29.69
32.48,32.48
71.15,71.15
66.36,66.36
64.37,64.37
64.34,64.34
64.31,64.31
64.26,64.26
62.44,62.44
62.43,62.43
62.42,62.42
62.4,62.4
63.52,63.52
58.16,58.16
68.89,68.89
56.52,56.52
60.9,60.9
41.06,41.06
44.87,44.87
43.03,43.03
47.58,47.58
47.55,47.55
45.15,45.15
43.35,43.35
43.32,43.32
45.11,45.11
45.1,45.1
42.72,42.72
42.7,42.7
42.69,42.69
42.68,42.68
46.52,46.52
46.48,46.48
46.21,46.21
44.54,44.54
44.53,44.53
44.51,44.51
44.5,44.5
48.37,48.37
48.36,48.36
48.35,48.35
48.34,48.34
48.32,48.32
46.51,46.51
48.88,48.88
42.93,42.93
47.1,47.1
44,44
43.99,43.99
43.98,43.98
43.97,43.97
44.33,44.33
44.32,44.32
40.74,40.74
44.3,44.3
44.28,44.28
40.7,40.7
44.27,44.27
44.26,44.26
41.48,41.48
41.47,41.47
30.06,30.06
40.69,40.69
43.71,43.71
43.7,43.7
43.69,43.69
41.86,41.86
41.84,41.84
41.83,41.83
41.82,41.82
41.8,41.8
42.5,42.5
44.12,44.12
44.11,44.11
44.09,44.09
44.08,44.08
44.07,44.07
44.06,44.06
44.04,44.04
41.65,41.65
41.64,41.64
41.61,41.61
41.58,41.58
41.45,41.45
41.44,41.44
66.85,66.85
70.42,70.42
74.1,74.1
74.07,74.07
74.06,74.06
74.05,74.05
74.04,74.04
74.03,74.03
74.02,74.02
74.01,74.01
74,74
73.99,73.99
73.98,73.98
73.97,73.97
73.96,73.96
73.95,73.95
75.45,75.45
75.43,75.43
71.84,71.84
71.83,71.83
71.82,71.82
71.81,71.81
71.37,71.37
57.63,57.63
57.55,57.55
57.51,57.51
57.49,57.49
57.48,57.48
57.43,57.43
64.43,64.43
64.42,64.42
63.44,63.44
63.43,63.43
63.42,63.42
63.41,63.41
63.38,63.38
63.37,63.37
63.36,63.36
63.35,63.35
63.34,63.34
63.32,63.32
63.31,63.31
63.29,63.29
63.28,63.28
53.77,53.77
43.06,43.06
42.91,42.91
42.9,42.9
46.64,46.64
46.63,46.63
91.96,91.96
89.58,89.58
69.82,69.82
70.3,70.3
81.01,81.01
80.42,80.42
79.82,79.82
71.92,71.92
71.91,71.91
71.88,71.88
71.87,71.87
71.86,71.86
71.8,71.8
71.78,71.78
71.77,71.77
71.76,71.76
71.75,71.75
71.72,71.72
71.71,71.71
71.7,71.7
71.69,71.69
71.68,71.68
71.65,71.65
69.46,69.46
69.33,69.33
69.29,69.29
69.26,69.26
69.24,69.24
69.22,69.22
69.21,69.21
68.95,68.95
68.92,68.92
67.01,67.01
63.25,63.25
63.15,63.15
63.03,63.03
59.42,59.42
60.43,60.43
60.38,60.38
65.64,65.64
65.59,65.59
65.56,65.56
65.5,65.5
64.66,64.66
64.61,64.61
66.34,66.34
66.16,66.16
66.1,66.1
65.99,65.99
65.94,65.94
65.91,65.91
65.78,65.78
65.76,65.76
59.84,59.84
59.79,59.79
61.76,61.76
67.94,67.94
70.96,70.96
67.97,67.97
67.96,67.96
67.93,67.93
67.91,67.91
67.9,67.9
67.88,67.88
67.87,67.87
67.85,67.85
67.84,67.84
67.82,67.82
67.81,67.81
67.79,67.79
67.78,67.78
67.77,67.77
74.67,74.67
75.77,75.77
75.74,75.74
75.73,75.73
74.54,74.54
74.51,74.51
73.17,73.17
73.14,73.14
73.09,73.09
72.39,72.39
72.37,72.37
70.58,70.58
69.45,69.45
69.41,69.41
69.36,69.36
69.34,69.34
63.3,63.3
46.02,46.02
45.99,45.99
57.31,57.31
57.3,57.3
59.43,59.43
59.3,59.3
58.68,58.68
58.66,58.66
58.22,58.22
55.52,55.52
36.23,36.23
36.22,36.22
36.21,36.21
35.41,35.41
35.4,35.4
33,33
31.21,31.21
29.43,29.43
29.42,29.42
29.41,29.41
29.4,29.4
27.02,27.02
27.01,27.01
27,27
65.6,65.6
65.54,65.54
61.82,61.82
59.45,59.45
58.2,58.2
60.97,60.97
60.96,60.96
49.04,49.04
49.03,49.03
49.02,49.02
48.76,48.76
48.74,48.74
48.73,48.73
46.33,46.33
48.07,48.07
48.02,48.02
53.45,53.45
42.67,42.67
42.66,42.66
78.69,78.69
84.05,84.05
85.83,85.83
87.26,87.26
88.45,88.45
77.63,77.63
77.6,77.6
68.59,68.59
68.46,68.46
68.31,68.31
68.17,68.17
68.02,68.02
67.89,67.89
67.83,67.83
67.75,67.75
67.36,67.36
64,64
63.95,63.95
60.37,60.37
60.35,60.35
53.9,53.9
60.99,60.99
60.98,60.98
60.94,60.94
60.93,60.93
60.91,60.91
60.88,60.88
60.85,60.85
60.84,60.84
60.8,60.8
60.75,60.75
58.87,58.87
58.82,58.82
56.38,56.38
85.42,85.42
76.37,76.37
78.15,78.15
80.54,80.54
81.73,81.73
84.11,84.11
79.35,79.35
81.13,81.13
82.56,82.56
80.77,80.77
78.99,78.99
76.25,76.25
79.23,79.23
61.86,61.86
61.83,61.83
79.91,79.91
79.89,79.89
79.87,79.87
79.86,79.86
79.85,79.85
79.84,79.84
80.72,80.72
80.7,80.7
80.69,80.69
79.78,79.78
79.77,79.77
79.75,79.75
79.74,79.74
79.72,79.72
79.71,79.71
68.69,68.69
65.75,65.75
65.71,65.71
65.67,65.67
64.48,64.48
64.14,64.14
64.13,64.13
64.04,64.04
63.77,63.77
65.4,65.4
65.35,65.35
66.84,66.84
66.72,66.72
66.61,66.61
65.88,65.88
65.86,65.86
64.92,64.92
64.9,64.9
64.87,64.87
64.84,64.84
64.81,64.81
65.53,65.53
65.29,65.29
65.26,65.26
65.17,65.17
65.16,65.16
65.05,65.05
65.03,65.03
64.97,64.97
64.89,64.89
64.86,64.86
64.83,64.83
64.8,64.8
68.37,68.37
68.35,68.35
68.34,68.34
68.32,68.32
68.29,68.29
68.28,68.28
68.26,68.26
68.24,68.24
68.22,68.22
68.19,68.19
68.18,68.18
68.16,68.16
68.13,68.13
68.12,68.12
68.09,68.09
68.08,68.08
67.51,67.51
60.22,60.22
55.58,55.58
43.9,43.9
87.5,87.5
89.29,89.29
83.57,83.57
81.18,81.18
80.68,80.68
80.67,80.67
80.66,80.66
80.64,80.64
80.63,80.63
80.62,80.62
80.61,80.61
80.6,80.6
72.07,72.07
72.06,72.06
48.25,48.25
56.42,56.42
52.84,52.84
44.96,44.96
44.95,44.95
41.38,41.38
42.57,42.57
17.56,17.56
56.79,56.79
56.19,56.19
68.04,68.04
64.06,64.06
64.02,64.02
63.88,63.88
63.65,63.65
62.84,62.84
55.1,55.1
46.1,46.1
41.05,41.05
33.31,33.31
41.01,41.01
41,41
40.42,40.42
38.04,38.04
73.87,73.87
74.8,74.8
74.79,74.79
74.78,74.78
74.75,74.75
74.73,74.73
74.72,74.72
74.71,74.71
74.69,74.69
72,72
71.99,71.99
66.81,66.81
52.23,52.23
47.06,47.06
47.05,47.05
44.37,44.37
44.36,44.36
38.41,38.41
38.38,38.38
29.74,29.74
30.64,30.64
30.63,30.63
21.11,21.11
21.1,21.1
21.09,21.09
22.28,22.28
27.05,27.05
27.04,27.04
31.8,31.8
48.63,48.63
29.88,29.88
26.31,26.31
20.95,20.95
30.77,30.77
63.22,63.22
63.19,63.19
63.07,63.07
60.4,60.4
59.92,59.92
59.78,59.78
40.73,40.73
38.68,38.68
38.43,38.43
46.47,46.47
46.38,46.38
46.35,46.35
42.18,42.18
42.09,42.09
42.07,42.07
39.52,39.52
38.33,38.33
83.1,83.1
70,70
76.74,76.74
76.48,76.48
69.28,69.28
70.16,70.16
70.04,70.04
70.02,70.02
70.57,70.57
70.56,70.56
70.55,70.55
50.5,50.5
47.87,47.87
46.97,46.97
45.48,45.48
75.08,75.08
75.05,75.05
70.29,70.29
68.5,68.5
68.49,68.49
68.48,68.48
68.47,68.47
69.9,69.9
69.89,69.89
69.88,69.88
68.67,68.67
68.66,68.66
68.64,68.64
68.61,68.61
68.6,68.6
68.58,68.58
68.56,68.56
68.55,68.55
68.54,68.54
68.52,68.52
56.92,56.92
56.91,56.91
56.86,56.86
56.83,56.83
56.75,56.75
56.74,56.74
56.65,56.65
56.64,56.64
56.46,56.46
51.09,51.09
48.68,48.68
55.81,55.81
54.02,54.02
47.45,47.45
47.01,47.01
46.49,46.49
50.91,50.91
50.87,50.87
48.39,48.39
48.31,48.31
48.3,48.3
41.95,41.95
41.93,41.93
41.92,41.92
41.91,41.91
41.9,41.9
37.08,37.08
37.06,37.06
37.05,37.05
37.04,37.04
37.03,37.03
40.84,40.84
40.8,40.8
40.72,40.72
40.66,40.66
45.52,45.52
45.44,45.44
44.99,44.99
44.98,44.98
44.97,44.97
44.9,44.9
44.25,44.25
44.21,44.21
44.2,44.2
44.16,44.16
44.15,44.15
44.03,44.03
44.02,44.02
44.01,44.01
57.69,57.69
57.68,57.68
52.89,52.89
52.87,52.87
78.27,78.27
79.7,79.7
87.02,87.02
83.45,83.45
72.13,72.13
72.12,72.12
63.2,63.2
56.58,56.58
56.57,56.57
48.22,48.22
35.72,35.72
57.98,57.98
48.75,48.75
41.81,41.81
74.88,74.88
56.62,56.62
56.23,56.23
53.54,53.54
48.94,48.94
48.58,48.58
48.5,48.5
48.43,48.43
48.15,48.15
48,48
47.93,47.93
47.7,47.7
47.65,47.65
47.64,47.64
47.59,47.59
49.59,49.59
50.75,50.75
50.64,50.64
50.61,50.61
50.46,50.46
50.43,50.43
50.4,50.4
47.95,47.95
47.91,47.91
47.71,47.71
47.69,47.69
47.67,47.67
47.61,47.61
47.57,47.57
47.53,47.53
47.52,47.52
47.49,47.49
47.48,47.48
47.46,47.46
47.44,47.44
42.3,42.3
42.29,42.29
42.28,42.28
42.27,42.27
42.25,42.25
42.24,42.24
42.23,42.23
42.22,42.22
46.94,46.94
46.93,46.93
38.67,38.67
56.27,56.27
38.48,38.48
36.1,36.1
53.79,53.79
53.75,53.75
53.6,53.6
54.04,54.04
54.01,54.01
58.08,58.08
58.07,58.07
55.67,55.67
51.24,51.24
51.22,51.22
51.21,51.21
47.12,47.12
45.89,45.89
48.96,48.96
41.94,41.94
32.72,32.72
44.69,44.69
47.04,47.04
47.03,47.03
47,47
46.99,46.99
46.98,46.98
46.96,46.96
46.92,46.92
46.91,46.91
49.19,49.19
52.42,52.42
53.06,53.06
48.28,48.28
48.26,48.26
43.3,43.3
43.27,43.27
41.68,41.68
43.02,43.02
43.01,43.01
35.57,35.57
35.85,35.85
38.23,38.23
37.8,37.8
37.18,37.18
37.16,37.16
37.11,37.11
37.09,37.09
37.07,37.07
27.51,27.51
27.48,27.48
27.47,27.47
27.46,27.46
27.43,27.43
27.4,27.4
27.37,27.37
27.34,27.34
80.12,80.12
77.74,77.74
58.17,58.17
58.14,58.14
57.9,57.9
79.05,79.05
61.57,61.57
63.66,63.66
47.68,47.68
38.75,38.75
20,20
16.43,16.43
50.82,50.82
38.81,38.81
87.86,87.86
90.24,90.24
89.64,89.64
50.52,50.52
39.46,39.46
33.92,33.92
41.57,41.57
80.71,80.71
80.09,80.09
80.08,80.08
80.07,80.07
80.05,80.05
78.25,78.25
77.84,77.84
77.79,77.79
77.77,77.77
71.45,71.45
71.27,71.27
71.26,71.26
71.23,71.23
71.22,71.22
71.21,71.21
69.31,69.31
69.3,69.3
69.25,69.25
69.2,69.2
66.93,66.93
61.8,61.8
61.72,61.72
61.7,61.7
61.66,61.66
57.79,57.79
57.77,57.77
56.54,56.54
56.53,56.53
62.18,62.18
55.32,55.32
52.71,52.71
52.64,52.64
47.11,47.11
40.82,40.82
19.35,19.35
28.81,28.81
34.29,34.29
29.46,29.46
29.36,29.36
29.35,29.35
34.71,34.71
25.78,25.78
25.71,25.71
23.93,23.93
23.91,23.91
23.76,23.76
51.16,51.16
41.63,41.63
48.77,48.77
45.07,45.07
45.04,45.04
42.62,42.62
15.18,15.18
19.17,19.17
14.4,14.4
12.62,12.62
19.76,19.76
18.57,18.57
63.83,63.83
55.46,55.46
39.84,39.84
38.63,38.63
38.62,38.62
79.58,79.58
40.88,40.88
40.4,40.4
40.33,40.33
40.28,40.28
40.25,40.25
40.23,40.23
40.16,40.16
40.06,40.06
39.62,39.62
39.59,39.59
39.54,39.54
39.53,39.53
39.5,39.5
39.48,39.48
39.43,39.43
39.41,39.41
39.39,39.39
39.38,39.38
39.35,39.35
39.33,39.33
39.31,39.31
38.32,38.32
38.3,38.3
38.27,38.27
38.26,38.26
38.24,38.24
38.19,38.19
38.18,38.18
38.16,38.16
38.13,38.13
38.08,38.08
37.99,37.99
37.97,37.97
37.94,37.94
37.93,37.93
37.87,37.87
37.84,37.84
37.76,37.76
37.75,37.75
37.7,37.7
37.61,37.61
37.55,37.55
36.85,36.85
36.15,36.15
36.03,36.03
35.98,35.98
35.67,35.67
35.63,35.63
31.19,31.19
32.62,32.62
34.05,34.05
92.02,92.02
93.45,93.45
63.92,63.92
63.17,63.17
63.16,63.16
59.26,59.26
56.29,56.29
56.22,56.22
56.21,56.21
41.36,41.36
41.35,41.35
41.34,41.34
41.33,41.33
41.32,41.32
34.66,34.66
86.9,86.9
68.23,68.23
57.99,57.99
13.57,13.57
70.78,70.78
70.72,70.72
65.8,65.8
65.7,65.7
65.66,65.66
65.63,65.63
70.27,70.27
70.25,70.25
62.19,62.19
57,57
58.77,58.77
51.77,51.77
54.75,54.75
58.46,58.46
64.57,64.57
64.69,64.69
64.51,64.51
64.47,64.47
55.08,55.08
55.04,55.04
50.7,50.7
50.02,50.02
49.99,49.99
72.26,72.26
76.07,76.07
86.07,86.07
55.79,55.79
37.82,37.82
37.71,37.71
37.13,37.13
37.12,37.12
33.54,33.54
33.53,33.53
33.52,33.52
34.85,34.85
34.84,34.84
34.83,34.83
79.4,79.4
66.63,66.63
66.62,66.62
66.52,66.52
68.71,68.71
68.62,68.62
67.71,67.71
67.52,67.52
67.5,67.5
72.19,72.19
72.17,72.17
72.16,72.16
72.15,72.15
68.36,68.36
68.3,68.3
68.06,68.06
68.05,68.05
68.03,68.03
68.01,68.01
68,68
67.99,67.99
60.72,60.72
60.58,60.58
60.56,60.56
52.46,52.46
48.4,48.4
47.07,47.07
50.59,50.59
50.56,50.56
74.35,74.35
73.75,73.75
78.39,78.39
77.2,77.2
73.55,73.55
73.53,73.53
73.5,73.5
73.35,73.35
78.06,78.06
78.03,78.03
78.02,78.02
78.62,78.62
77.37,77.37
77.36,77.36
77.34,77.34
77.33,77.33
77.31,77.31
75.13,75.13
75.11,75.11
75.1,75.1
75.09,75.09
78.67,78.67
78.66,78.66
78.64,78.64
82.34,82.34
82.33,82.33
82.31,82.31
82.3,82.3
82.29,82.29
82.28,82.28
83.89,83.89
83.88,83.88
83.87,83.87
83.83,83.83
83.8,83.8
83.78,83.78
83.76,83.76
83.73,83.73
83.72,83.72
83.7,83.7
83.68,83.68
80.11,80.11
79.94,79.94
75.23,75.23
75.19,75.19
74.98,74.98
74.95,74.95
74.91,74.91
74.84,74.84
74.53,74.53
74.47,74.47
74.33,74.33
74.25,74.25
74.2,74.2
74.13,74.13
73.91,73.91
73.88,73.88
73.85,73.85
71.09,71.09
70.99,70.99
69.84,69.84
69.43,69.43
68.96,68.96
70.17,70.17
70.11,70.11
40.38,40.38
61.1,61.1
61.04,61.04
61.03,61.03
44.45,44.45
44.44,44.44
44.43,44.43
44.42,44.42
42.65,42.65
42.64,42.64
42.59,42.59
42.58,42.58
35.91,35.91
35.9,35.9
34.56,34.56
36.94,36.94
86.67,86.67
68.41,68.41
70.15,70.15
70.14,70.14
70.13,70.13
65.92,65.92
65.87,65.87
65.46,65.46
53.81,53.81
48.09,48.09
62.22,62.22
62.13,62.13
62.11,62.11
32.18,32.18
32.17,32.17
30.74,30.74
29.79,29.79
29.15,29.15
49,49
51.63,51.63
28.87,28.87
42.08,42.08
44.23,44.23
44.22,44.22
44.19,44.19
44.18,44.18
44.14,44.14
72.84,72.84
70.62,70.62
45.38,45.38
42.76,42.76
40.36,40.36
38.56,38.56
57.07,57.07
57.06,57.06
57.04,57.04
57.01,57.01
56.97,56.97
70.46,70.46
70.41,70.41
70.39,70.39
70.31,70.31
70.23,70.23
70.18,70.18
70.09,70.09
70.05,70.05
69.96,69.96
69.81,69.81
68.2,68.2
67.37,67.37
57.66,57.66
56.63,56.63
56.56,56.56
56.51,56.51
56.47,56.47
27.86,27.86
29.64,29.64
25.36,25.36
34.64,34.64
39.05,39.05
64.09,64.09
66.09,66.09
66.05,66.05
65.51,65.51
65.49,65.49
65.47,65.47
65.42,65.42
65.41,65.41
65.38,65.38
65.73,65.73
65.69,65.69
44.1,44.1
25.24,25.24
19.88,19.88
73.03,73.03
69.32,69.32
69.98,69.98
69.8,69.8
40.75,40.75
47.97,47.97
37.49,37.49
39.83,39.83
39.81,39.81
36.2,36.2
39.17,39.17
28.1,28.1
29.01,29.01
28.99,28.99
28.97,28.97
28.96,28.96
28.95,28.95
28.92,28.92
28.9,28.9
28.86,28.86
28.84,28.84
28.83,28.83
84.29,84.29
74.64,74.64
77.8,77.8
42.63,42.63
42.52,42.52
48.92,48.92
55.91,55.91
55.84,55.84
55.78,55.78
48.64,48.64
45.94,45.94
26.2,26.2
27.62,27.62
25.83,25.83
42.83,42.83
42.77,42.77
38.83,38.83
38.55,38.55
26.97,26.97
26.93,26.93
26.91,26.91
26.89,26.89
26.87,26.87
26.86,26.86
26.84,26.84
26.83,26.83
26.8,26.8
26.78,26.78
26.75,26.75
26.73,26.73
26.71,26.71
46.22,46.22
43.37,43.37
40.2,40.2
21.87,21.87
21.86,21.86
21.85,21.85
21.84,21.84
30.6,30.6
33.51,33.51
29.05,29.05
40.81,40.81
40.63,40.63
21.96,21.96
35.78,35.78
39.06,39.06
40.78,40.78
30.48,30.48
31.07,31.07
59.7,59.7
56.5,56.5
61.74,61.74
64.45,64.45
47.66,47.66
32.3,32.3
32.29,32.29
32.27,32.27
32.24,32.24
29.86,29.86
29.81,29.81
29.72,29.72
29.67,29.67
29.54,29.54
27.11,27.11
27.09,27.09
29.47,29.47
24.69,24.69
24.67,24.67
24.63,24.63
24.62,24.62
24.61,24.61
24.6,24.6
24.59,24.59
30,30
35.36,35.36
30.09,30.09
30.08,30.08
82.25,82.25
82.23,82.23
82.22,82.22
82.21,82.21
82.2,82.2
82.19,82.19
82.18,82.18
82.16,82.16
82.12,82.12
82.08,82.08
82.05,82.05
81.97,81.97
81.91,81.91
81.86,81.86
81.83,81.83
81.78,81.78
81.74,81.74
81.71,81.71
81.65,81.65
81.58,81.58
81.57,81.57
79.19,79.19
79.18,79.18
79.16,79.16
79.14,79.14
79.13,79.13
79.11,79.11
79.1,79.1
79.09,79.09
79.08,79.08
79.06,79.06
79.04,79.04
79.03,79.03
81.41,81.41
81.4,81.4
81.39,81.39
81.35,81.35
81.32,81.32
81.27,81.27
81.25,81.25
81.22,81.22
81.21,81.21
81.2,81.2
81.15,81.15
81.12,81.12
81.1,81.1
81.09,81.09
81.08,81.08
72.09,72.09
72.05,72.05
71.16,71.16
71.1,71.1
71.06,71.06
71.04,71.04
71.03,71.03
70.97,70.97
70.94,70.94
70.92,70.92
70.91,70.91
71.94,71.94
38.58,38.58
53.56,53.56
46.09,46.09
45.49,45.49
45.46,45.46
45.41,45.41
45.39,45.39
46.44,46.44
48.61,48.61
43.19,43.19
43.17,43.17
43.1,43.1
43.08,43.08
43.05,43.05
42.99,42.99
42.96,42.96
42.95,42.95
42.92,42.92
42.88,42.88
42.85,42.85
42.81,42.81
42.78,42.78
74.94,74.94
86.43,86.43
81.36,81.36
81.34,81.34
81.33,81.33
79.54,79.54
79.53,79.53
40.43,40.43
40.41,40.41
40.32,40.32
40.31,40.31
40.3,40.3
40.29,40.29
40.27,40.27
40.26,40.26
40.21,40.21
40.19,40.19
44.84,44.84
44.61,44.61
44.41,44.41
43.96,43.96
43.58,43.58
43.55,43.55
43.44,43.44
43.39,43.39
43,43
42.98,42.98
40.37,40.37
40.1,40.1
40.04,40.04
40.02,40.02
40.01,40.01
39.99,39.99
39.97,39.97
39.96,39.96
39.61,39.61
39.6,39.6
39.57,39.57
39.56,39.56
39.55,39.55
39.51,39.51
39.45,39.45
39.44,39.44
39.42,39.42
36.54,36.54
36.52,36.52
36.51,36.51
36.5,36.5
38.87,38.87
38.86,38.86
38.14,38.14
38.11,38.11
48.16,48.16
43.31,43.31
12.8,12.8
16.37,16.37
9.23,9.23
26.9,26.9
34.37,34.37
34.86,34.86
38.44,38.44
28.11,28.11
28.09,28.09
77.86,77.86
34.69,34.69
34.68,34.68
28.35,28.35
28.34,28.34
28.33,28.33
28.32,28.32
21.39,21.39
21.36,21.36
21.33,21.33
21.32,21.32
28.44,28.44
28.42,28.42
28.4,28.4
28.38,28.38
28.37,28.37
28.31,28.31
28.3,28.3
55.92,55.92
58.47,58.47
57.96,57.96
55.39,55.39
54.07,54.07
42.05,42.05
44.68,44.68
45.05,45.05
40.79,40.79
40.76,40.76
78.21,78.21
85.36,85.36
74.82,74.82
36.43,36.43
30.18,30.18
13.81,13.81
48.29,48.29
48.24,48.24
48.23,48.23
53.53,53.53
53.5,53.5
57.05,57.05
