GovernmentResponseIndex_Average,GovernmentResponseIndex_Average_ForDisplay
0,0
2.08,2.08
8.33,8.33
14.58,14.58
22.92,22.92
26.04,26.04
32.29,32.29
59.37,59.37
70.31,70.31
72.4,72.4
68.23,68.23
59.9,59.9
57.81,57.81
54.69,54.69
52.6,52.6
46.88,46.88
43.75,43.75
53.12,53.12
57.29,57.29
61.46,61.46
65.1,65.1
63.02,63.02
56.77,56.77
48.96,48.96
46.87,46.87
42.19,42.19
41.67,41.67
45.83,45.83
35.42,35.42
35.94,35.94
39.06,39.06
43.23,43.23
40.1,40.1
44.17,44.17
47.29,47.29
48.85,48.85
53.02,53.02
59.27,59.27
65.52,65.52
55.1,55.1
57.6,57.6
58.85,58.85
54.17,54.17
52.08,52.08
50.52,50.52
36.46,36.46
33.85,33.85
25.52,25.52
36.98,36.98
41.15,41.15
31.77,31.77
37.29,37.29
36.51,36.51
39.37,39.37
38.54,38.54
44.27,44.27
29.17,29.17
27.6,27.6
6.77,6.77
9.9,9.9
30.73,30.73
48.44,48.44
59.38,59.38
62.5,62.5
63.54,63.54
60.42,60.42
58.33,58.33
56.25,56.25
50,50
46.35,46.35
23.96,23.96
17.71,17.71
13.54,13.54
15.1,15.1
16.67,16.67
16.04,16.04
14.48,14.48
24.9,24.9
22.81,22.81
27.5,27.5
43.12,43.12
32.71,32.71
35.83,35.83
36.88,36.88
34.06,34.06
39.53,39.53
42.03,42.03
39.32,39.32
37.45,37.45
15.83,15.83
13.75,13.75
31.98,31.98
27.81,27.81
21.56,21.56
16.88,16.88
15.31,15.31
12.19,12.19
15.94,15.94
17.19,17.19
13.02,13.02
11.46,11.46
3.12,3.12
5.21,5.21
20.83,20.83
55.21,55.21
66.15,66.15
60.94,60.94
64.06,64.06
61.98,61.98
55.73,55.73
56.51,56.51
58.07,58.07
59.11,59.11
47.92,47.92
47.14,47.14
45.42,45.42
48.54,48.54
50.1,50.1
48.02,48.02
51.67,51.67
38.12,38.12
45.16,45.16
49.22,49.22
51.3,51.3
54.43,54.43
50.26,50.26
53.39,53.39
62.66,62.66
62.62,62.62
62.61,62.61
62.56,62.56
62.53,62.53
60.97,60.97
60.92,60.92
60.87,60.87
60.84,60.84
62.31,62.31
62.27,62.27
62.25,62.25
62.22,62.22
62.2,62.2
45.79,45.79
45.76,45.76
45.74,45.74
45.71,45.71
48.83,48.83
48.8,48.8
47.79,47.79
47.77,47.77
47.74,47.74
39.4,39.4
39.36,39.36
35.2,35.2
35.18,35.18
35.17,35.17
35.16,35.16
32.03,32.03
32.02,32.02
32.01,32.01
27.32,27.32
6.25,6.25
27.08,27.08
71.35,71.35
73.44,73.44
69.79,69.79
73.96,73.96
65.62,65.62
64.27,64.27
67.4,67.4
68.65,68.65
62.4,62.4
63.44,63.44
61.35,61.35
53.54,53.54
55.62,55.62
52.5,52.5
47.81,47.81
49.06,49.06
44.06,44.06
46.15,46.15
47.71,47.71
53.65,53.65
51.04,51.04
57.17,57.17
57.16,57.16
55.6,55.6
55.59,55.59
37.5,37.5
43.09,43.09
43.08,43.08
28.12,28.12
33.33,33.33
44.79,44.79
66.04,66.04
63.96,63.96
66.35,66.35
67.6,67.6
68.85,68.85
67.29,67.29
64.17,64.17
65.42,65.42
57.08,57.08
55.52,55.52
53.44,53.44
67.19,67.19
62.34,62.34
61.37,61.37
65.02,65.02
64.92,64.92
68.57,68.57
68.54,68.54
70.11,70.11
70.01,70.01
68.63,68.63
60.3,60.3
60.09,60.09
45.31,45.31
42.71,42.71
39.58,39.58
28.65,28.65
22.4,22.4
1.56,1.56
7.81,7.81
10.94,10.94
18.23,18.23
20.31,20.31
26.56,26.56
29.69,29.69
47.4,47.4
75.52,75.52
79.69,79.69
78.12,78.12
75,75
72.92,72.92
68.75,68.75
67.71,67.71
52.29,52.29
56.46,56.46
60.21,60.21
63.33,63.33
60.99,60.99
59.74,59.74
58.96,58.96
55.83,55.83
57.4,57.4
60.73,60.73
61.77,61.77
62.29,62.29
63.98,63.98
61.11,61.11
62.75,62.75
64.29,64.29
64.26,64.26
64.24,64.24
64.23,64.23
64.22,64.22
64.21,64.21
64.19,64.19
64.12,64.12
64.11,64.11
65.14,65.14
65.13,65.13
65.08,65.08
65.07,65.07
65.06,65.06
65.03,65.03
65,65
64.99,64.99
64.98,64.98
64.97,64.97
64.95,64.95
64.94,64.94
64.93,64.93
64.91,64.91
64.9,64.9
65.41,65.41
65.4,65.4
59.66,59.66
53.68,53.68
53.66,53.66
53.64,53.64
53.59,53.59
53.57,53.57
52.01,52.01
51.83,51.83
52.58,52.58
52.56,52.56
52.54,52.54
52.46,52.46
52.43,52.43
52.4,52.4
52.39,52.39
52.37,52.37
52.34,52.34
52.3,52.3
52.27,52.27
52.24,52.24
52.2,52.2
51.49,51.49
51.48,51.48
53.91,53.91
46.09,46.09
44.86,44.86
44.85,44.85
42.76,42.76
42.75,42.75
42.74,42.74
42.73,42.73
42.72,42.72
39.6,39.6
39.59,39.59
39.57,39.57
39.56,39.56
38,38
37.99,37.99
37.93,37.93
37.92,37.92
42.13,42.13
42.11,42.11
42.1,42.1
42.07,42.07
40.5,40.5
45.19,45.19
12.5,12.5
38.02,38.02
64.58,64.58
80.21,80.21
84.9,84.9
83.85,83.85
78.65,78.65
81.77,81.77
76.56,76.56
77.6,77.6
76.04,76.04
75.26,75.26
73.7,73.7
74.74,74.74
73.18,73.18
71.09,71.09
72.34,72.34
69.22,69.22
68.18,68.18
69.43,69.43
66.3,66.3
70.68,70.68
74.58,74.58
73.02,73.02
70.94,70.94
72.19,72.19
69.38,69.38
68.94,68.94
68.93,68.93
68.91,68.91
68.9,68.9
68.88,68.88
68.87,68.87
68.84,68.84
68.82,68.82
68.8,68.8
68.78,68.78
70.54,70.54
70.53,70.53
70.51,70.51
70.49,70.49
70.47,70.47
70.45,70.45
70.42,70.42
70.41,70.41
70.4,70.4
70.39,70.39
70.37,70.37
70.34,70.34
70.32,70.32
70.3,70.3
70.29,70.29
70.28,70.28
70.26,70.26
70.23,70.23
70.21,70.21
70.18,70.18
70.16,70.16
70.14,70.14
70.13,70.13
70.09,70.09
70.06,70.06
70.03,70.03
69.99,69.99
69.98,69.98
69.95,69.95
69.92,69.92
69.9,69.9
69.88,69.88
69.86,69.86
69.85,69.85
69.83,69.83
69.81,69.81
69.77,69.77
69.75,69.75
69.73,69.73
69.7,69.7
69.69,69.69
69.67,69.67
69.66,69.66
69.64,69.64
69.63,69.63
69.62,69.62
69.6,69.6
69.58,69.58
69.57,69.57
51.33,51.33
51.32,51.32
51.31,51.31
51.29,51.29
51.28,51.28
51.27,51.27
48.14,48.14
48.13,48.13
48.12,48.12
48.11,48.11
48.1,48.1
48.09,48.09
48.08,48.08
48.07,48.07
48.06,48.06
48.05,48.05
48.04,48.04
48.03,48.03
48.01,48.01
48,48
47.99,47.99
46.1,46.1
45.1,45.1
45.04,45.04
44.99,44.99
44.92,44.92
44.9,44.9
44.89,44.89
44.87,44.87
44.82,44.82
44.77,44.77
44.73,44.73
44.68,44.68
44.66,44.66
44.65,44.65
44.6,44.6
44.56,44.56
44.52,44.52
44.48,44.48
44.44,44.44
44.43,44.43
44.41,44.41
44.37,44.37
43.81,43.81
43.79,43.79
43.76,43.76
43.73,43.73
43.71,43.71
43.7,43.7
43.67,43.67
43.63,43.63
43.6,43.6
46.7,46.7
46.67,46.67
46.66,46.66
46.65,46.65
46.62,46.62
46.59,46.59
46.56,46.56
46.54,46.54
46.53,46.53
46.49,46.49
46.46,46.46
46.43,46.43
46.4,46.4
45.28,45.28
45.24,45.24
45.2,45.2
39.91,39.91
39.87,39.87
39.85,39.85
39.84,39.84
39.8,39.8
39.77,39.77
39.74,39.74
39.72,39.72
39.69,39.69
39.68,39.68
39.65,39.65
39.63,39.63
39.55,39.55
39.52,39.52
39.5,39.5
39.48,39.48
39.45,39.45
39.43,39.43
39.42,39.42
39.39,39.39
39.35,39.35
39.33,39.33
39.31,39.31
39.3,39.3
39.27,39.27
39.25,39.25
39.23,39.23
39.21,39.21
39.2,39.2
39.19,39.19
39.18,39.18
39.16,39.16
39.15,39.15
39.13,39.13
39.11,39.11
39.09,39.09
39.08,39.08
39.07,39.07
39.05,39.05
39.03,39.03
39.02,39.02
39,39
38.99,38.99
38.98,38.98
36.89,36.89
36.87,36.87
36.86,36.86
36.85,36.85
36.84,36.84
36.83,36.83
36.82,36.82
36.81,36.81
36.8,36.8
36.79,36.79
36.78,36.78
36.77,36.77
38.97,38.97
38.96,38.96
38.95,38.95
38.94,38.94
38.65,38.65
38.64,38.64
38.63,38.63
36.54,36.54
36.53,36.53
36.52,36.52
36.5,36.5
37.02,37.02
37.01,37.01
37,37
38.04,38.04
38.03,38.03
38.01,38.01
34.88,34.88
34.87,34.87
38.52,38.52
38.51,38.51
24.25,24.25
28.41,28.41
26.85,26.85
20.95,20.95
25.12,25.12
22.67,22.67
16.15,16.15
19.27,19.27
34.38,34.38
40.63,40.63
60.16,60.16
61.72,61.72
59.64,59.64
57.55,57.55
63.8,63.8
69.53,69.53
70.83,70.83
61.2,61.2
54.95,54.95
58.23,58.23
54.84,54.84
53.8,53.8
50.68,50.68
53.18,53.18
58.39,58.39
55.26,55.26
70.1,70.1
66.98,66.98
50.83,50.83
50.05,50.05
46.93,46.93
43.8,43.8
56.56,56.56
49.79,49.79
51.87,51.87
42.24,42.24
45.36,45.36
48.49,48.49
54.48,54.48
62.81,62.81
50.42,50.42
49.63,49.63
49.62,49.62
50.39,50.39
50.38,50.38
50.37,50.37
51.5,51.5
43.9,43.9
43.89,43.89
43.88,43.88
40.74,40.74
40.73,40.73
40.72,40.72
41.5,41.5
41.49,41.49
41.48,41.48
41.47,41.47
41.46,41.46
41.45,41.45
41.44,41.44
41.43,41.43
41.42,41.42
41.41,41.41
41.39,41.39
41.38,41.38
41.37,41.37
41.36,41.36
41.35,41.35
41.34,41.34
41.33,41.33
41.32,41.32
41.31,41.31
41.3,41.3
41.29,41.29
41.28,41.28
41.27,41.27
41.26,41.26
45.06,45.06
46.08,46.08
46.07,46.07
44.51,44.51
44.5,44.5
44.49,44.49
42.93,42.93
42.92,42.92
34.64,34.64
36.72,36.72
30.47,30.47
24.48,24.48
74.48,74.48
55.47,55.47
64.32,64.32
66.41,66.41
82.29,82.29
84.79,84.79
82.71,82.71
80.1,80.1
84.48,84.48
82.4,82.4
80.83,80.83
81.88,81.88
83.96,83.96
82.92,82.92
76.67,76.67
76.89,76.89
76.05,76.05
75.97,75.97
75.94,75.94
75.92,75.92
75.89,75.89
75.86,75.86
75.78,75.78
75.69,75.69
75.59,75.59
75.48,75.48
76.69,76.69
76.61,76.61
76.48,76.48
76.41,76.41
76.33,76.33
76.27,76.27
76.22,76.22
76.16,76.16
76.07,76.07
71.15,71.15
71.01,71.01
70.93,70.93
70.9,70.9
70.84,70.84
70.77,70.77
70.64,70.64
70.5,70.5
70.27,70.27
69.97,69.97
69.55,69.55
69.48,69.48
69.37,69.37
67.16,67.16
67.01,67.01
66.92,66.92
66.88,66.88
68.07,68.07
67.97,67.97
67.85,67.85
67.72,67.72
67.53,67.53
67.5,67.5
67.44,67.44
67.35,67.35
67.23,67.23
67.15,67.15
67.04,67.04
66.97,66.97
66.93,66.93
66.89,66.89
66.83,66.83
66.73,66.73
66.64,66.64
66.54,66.54
66.47,66.47
66.43,66.43
66.39,66.39
66.31,66.31
66.22,66.22
66.16,66.16
66.07,66.07
66.02,66.02
65.98,65.98
65.94,65.94
65.87,65.87
65.8,65.8
65.74,65.74
65.68,65.68
65.63,65.63
65.6,65.6
65.57,65.57
65.51,65.51
68.86,68.86
68.81,68.81
68.77,68.77
68.74,68.74
68.72,68.72
68.69,68.69
68.61,68.61
68.53,68.53
68.51,68.51
68.5,68.5
68.49,68.49
68.46,68.46
68.44,68.44
68.41,68.41
68.39,68.39
68.38,68.38
68.36,68.36
68.35,68.35
68.33,68.33
68.31,68.31
68.29,68.29
68.28,68.28
68.27,68.27
68.25,68.25
68.24,68.24
64.78,64.78
64.77,64.77
64.75,64.75
64.74,64.74
64.73,64.73
65.01,65.01
71.53,71.53
71.51,71.51
71.5,71.5
71.48,71.48
66.78,66.78
66.77,66.77
66.76,66.76
66.75,66.75
66.74,66.74
66.72,66.72
66.71,66.71
66.69,66.69
66.68,66.68
66.67,66.67
66.66,66.66
66.65,66.65
66.62,66.62
66.61,66.61
71.3,71.3
71.29,71.29
71.27,71.27
71.26,71.26
71.25,71.25
71.24,71.24
71.23,71.23
71.22,71.22
71.21,71.21
71.2,71.2
71.18,71.18
69.59,69.59
67.54,67.54
62.83,62.83
62.79,62.79
62.77,62.77
62.74,62.74
62.72,62.72
62.71,62.71
66.32,66.32
66.28,66.28
66.26,66.26
66.23,66.23
66.21,66.21
66.2,66.2
66.18,66.18
66.13,66.13
66.11,66.11
67.61,67.61
67.58,67.58
67.55,67.55
67.52,67.52
67.49,67.49
67.45,67.45
67.42,67.42
67.41,67.41
67.38,67.38
67.34,67.34
67.33,67.33
67.24,67.24
67.22,67.22
67.2,67.2
67.17,67.17
67.14,67.14
67.11,67.11
67.07,67.07
67.03,67.03
67,67
66.96,66.96
63.91,63.91
63.87,63.87
63.85,63.85
62.7,62.7
62.69,62.69
63.79,63.79
63.76,63.76
63.73,63.73
63.7,63.7
62.59,62.59
71.19,71.19
71.12,71.12
71.08,71.08
71.06,71.06
71.05,71.05
71.03,71.03
71,71
70.98,70.98
70.95,70.95
70.91,70.91
70.89,70.89
70.88,70.88
70.86,70.86
70.85,70.85
70.82,70.82
68.06,68.06
68.05,68.05
68.04,68.04
68.03,68.03
71.63,71.63
71.62,71.62
70.63,70.63
67.75,67.75
60.37,60.37
77.08,77.08
62.24,62.24
60.68,60.68
62.76,62.76
64.84,64.84
69.27,69.27
70.52,70.52
74.17,74.17
65.31,65.31
65.83,65.83
67.08,67.08
69.17,69.17
66.46,66.46
64.38,64.38
63.63,63.63
63.62,63.62
63.61,63.61
63.59,63.59
63.58,63.58
63.57,63.57
63.56,63.56
63.53,63.53
63.51,63.51
55.68,55.68
55.66,55.66
53.88,53.88
53.86,53.86
58.52,58.52
58.5,58.5
53.82,53.82
53.79,53.79
53.78,53.78
53.76,53.76
53.74,53.74
58.41,58.41
53.7,53.7
55.25,55.25
55.23,55.23
55.22,55.22
55.2,55.2
55.19,55.19
55.18,55.18
55.17,55.17
55.16,55.16
55.11,55.11
55.08,55.08
55.05,55.05
55.03,55.03
55.01,55.01
54.99,54.99
54.97,54.97
54.94,54.94
54.92,54.92
54.9,54.9
54.89,54.89
54.88,54.88
54.86,54.86
54.85,54.85
54.83,54.83
54.82,54.82
54.81,54.81
54.8,54.8
54.79,54.79
54.78,54.78
54.77,54.77
54.76,54.76
54.74,54.74
54.72,54.72
54.7,54.7
55.88,55.88
55.82,55.82
55.78,55.78
56.41,56.41
56.34,56.34
56.28,56.28
56.22,56.22
56.17,56.17
56.1,56.1
55.98,55.98
55.92,55.92
55.79,55.79
55.71,55.71
55.64,55.64
55.57,55.57
55.37,55.37
55.29,55.29
55.13,55.13
55.06,55.06
54.98,54.98
54.91,54.91
52.82,52.82
52.65,52.65
58.77,58.77
58.64,58.64
58.53,58.53
58.31,58.31
58.15,58.15
58.08,58.08
58.01,58.01
57.94,57.94
57.82,57.82
57.76,57.76
56.83,56.83
56.74,56.74
58.78,58.78
58.73,58.73
58.69,58.69
58.65,58.65
58.61,58.61
58.57,58.57
58.46,58.46
58.43,58.43
58.36,58.36
58.27,58.27
58.26,58.26
58.22,58.22
58.19,58.19
58.16,58.16
58.12,58.12
58.1,58.1
58.06,58.06
58.04,58.04
58.03,58.03
58,58
57.99,57.99
57.97,57.97
57.96,57.96
57.93,57.93
57.91,57.91
56.33,56.33
56.32,56.32
56.3,56.3
56.29,56.29
56.26,56.26
56.24,56.24
56.23,56.23
56.21,56.21
56.2,56.2
56.18,56.18
56.16,56.16
56.15,56.15
54.58,54.58
54.57,54.57
54.56,54.56
54.55,54.55
54.54,54.54
54.53,54.53
54.52,54.52
54.51,54.51
54.5,54.5
54.49,54.49
54.33,54.33
63.69,63.69
63.68,63.68
63.67,63.67
63.66,63.66
63.65,63.65
63.64,63.64
63.6,63.6
61.51,61.51
61.5,61.5
61.49,61.49
61.48,61.48
61.47,61.47
61.45,61.45
61.44,61.44
61.43,61.43
61.42,61.42
61.41,61.41
61.4,61.4
52.02,52.02
51.97,51.97
51.96,51.96
51.95,51.95
51.94,51.94
51.93,51.93
51.92,51.92
49.32,49.32
49.31,49.31
49.3,49.3
49.29,49.29
49.28,49.28
49.27,49.27
45.73,45.73
45.72,45.72
43.62,43.62
43.61,43.61
40.42,40.42
40.41,40.41
37.69,37.69
37.68,37.68
34.22,34.22
35.19,35.19
19.79,19.79
16.93,16.93
23.7,23.7
17.92,17.92
26.88,26.88
25.31,25.31
23.54,23.54
20.42,20.42
21.98,21.98
30.21,30.21
55.99,55.99
52.86,52.86
49.74,49.74
63.75,63.75
66.56,66.56
70.73,70.73
73.85,73.85
75.1,75.1
66.25,66.25
65.21,65.21
63.13,63.13
52.74,52.74
52.73,52.73
52.72,52.72
52.71,52.71
52.7,52.7
52.69,52.69
52.68,52.68
52.67,52.67
52.66,52.66
53.43,53.43
53.42,53.42
53.41,53.41
53.4,53.4
53.38,53.38
53.37,53.37
53.36,53.36
57.73,57.73
57.72,57.72
57.71,57.71
57.7,57.7
57.69,57.69
57.68,57.68
57.67,57.67
57.66,57.66
57.65,57.65
57.64,57.64
57.63,57.63
57.62,57.62
57.61,57.61
56.05,56.05
46.64,46.64
46.63,46.63
46.61,46.61
46.6,46.6
46.58,46.58
46.57,46.57
46.55,46.55
46.52,46.52
46.51,46.51
46.5,46.5
46.48,46.48
46.47,46.47
46.01,46.01
46,46
45.99,45.99
45.98,45.98
42.33,42.33
4.69,4.69
14.06,14.06
48.18,48.18
49.48,49.48
37.24,37.24
32.81,32.81
55.31,55.31
39.9,39.9
44.58,44.58
48.75,48.75
50.82,50.82
50.22,50.22
49.18,49.18
49.1,49.1
50.14,50.14
41.81,41.81
41.69,41.69
41.59,41.59
21.35,21.35
18.75,18.75
25,25
21.88,21.88
40.62,40.62
31.35,31.35
25.1,25.1
25.62,25.62
23.44,23.44
22.66,22.66
53.13,53.13
66.09,66.09
72.66,72.66
73.91,73.91
75.16,75.16
78.28,78.28
77.4,77.4
80.52,80.52
72.08,72.08
68.96,68.96
59.58,59.58
34.79,34.79
72.29,72.29
78.85,78.85
71.04,71.04
74.79,74.79
69.06,69.06
50.31,50.31
51.56,51.56
48.59,48.59
51.58,51.58
51.57,51.57
63.03,63.03
63.01,63.01
67.18,67.18
58.83,58.83
58.67,58.67
56.59,56.59
42,42
41.95,41.95
37.78,37.78
37.75,37.75
37.74,37.74
34.9,34.9
11.98,11.98
56.87,56.87
62.07,62.07
62.06,62.06
62.05,62.05
62.04,62.04
62.03,62.03
62.02,62.02
62.01,62.01
62,62
61.99,61.99
61.97,61.97
61.96,61.96
58.75,58.75
58.74,58.74
58.72,58.72
58.71,58.71
58.7,58.7
58.68,58.68
58.66,58.66
58.63,58.63
58.62,58.62
58.6,58.6
58.59,58.59
58.58,58.58
58.56,58.56
58.55,58.55
56.45,56.45
56.44,56.44
56.43,56.43
56.42,56.42
58.49,58.49
58.48,58.48
57.56,57.56
57.54,57.54
57.53,57.53
57.52,57.52
57.51,57.51
57.5,57.5
57.49,57.49
57.48,57.48
48.43,48.43
46.97,46.97
27.34,27.34
9.38,9.38
67.81,67.81
62.21,62.21
62.18,62.18
62.16,62.16
62.14,62.14
62.12,62.12
62.1,62.1
62.08,62.08
62.54,62.54
62.51,62.51
62.49,62.49
62.48,62.48
57.88,57.88
57.87,57.87
57.86,57.86
57.85,57.85
57.84,57.84
57.83,57.83
62.37,62.37
62.36,62.36
62.35,62.35
62.33,62.33
62.32,62.32
62.3,62.3
62.28,62.28
54.21,54.21
54.2,54.2
54.19,54.19
54.18,54.18
54.16,54.16
54.15,54.15
54.14,54.14
54.13,54.13
54.12,54.12
38.62,38.62
38.61,38.61
38.6,38.6
38.59,38.59
38.58,38.58
38.57,38.57
38.56,38.56
38.55,38.55
38.53,38.53
41.58,41.58
41.57,41.57
41.56,41.56
41.55,41.55
44.15,44.15
44.14,44.14
44.13,44.13
44.12,44.12
44.11,44.11
44.1,44.1
44.09,44.09
44.08,44.08
44.07,44.07
44.05,44.05
44.04,44.04
44.03,44.03
44.02,44.02
42.46,42.46
42.45,42.45
42.44,42.44
46.82,46.82
46.81,46.81
46.8,46.8
46.79,46.79
46.78,46.78
46.77,46.77
43.02,43.02
43.01,43.01
43,43
42.99,42.99
42.98,42.98
42.97,42.97
42.96,42.96
42.95,42.95
50.23,50.23
50.21,50.21
50.2,50.2
50.19,50.19
31.04,31.04
84.38,84.38
71.88,71.88
69.01,69.01
61.82,61.82
70.36,70.36
69.44,69.44
72.14,72.14
72.04,72.04
69.91,69.91
66.79,66.79
63.55,63.55
63.52,63.52
63.5,63.5
63.47,63.47
64.16,64.16
62.26,62.26
52.36,52.36
52.33,52.33
52.52,52.52
52.48,52.48
52.44,52.44
49.82,49.82
49.77,49.77
49.75,49.75
51.05,51.05
49.72,49.72
23.18,23.18
26.3,26.3
43.49,43.49
45.52,45.52
49.58,49.58
42.29,42.29
36.56,36.56
42.5,42.5
45.62,45.62
39.04,39.04
28.91,28.91
10.42,10.42
8.85,8.85
41.61,41.61
33.23,33.23
41.04,41.04
37.81,37.81
31.56,31.56
33.12,33.12
28.44,28.44
23.75,23.75
25.83,25.83
22.71,22.71
20.62,20.62
65.36,65.36
57.92,57.92
71.4,71.4
71.38,71.38
71.36,71.36
67.7,67.7
67.68,67.68
67.65,67.65
67.64,67.64
67.63,67.63
66.06,66.06
66.05,66.05
66.03,66.03
66.01,66.01
66,66
65.99,65.99
67.51,67.51
67.48,67.48
66.81,66.81
57.12,57.12
57.04,57.04
56.96,56.96
56.94,56.94
56.92,56.92
56.65,56.65
56.5,56.5
60.91,60.91
60.89,60.89
60.83,60.83
60.81,60.81
60.76,60.76
60.75,60.75
60.72,60.72
60.5,60.5
60.48,60.48
60.47,60.47
60.46,60.46
59.96,59.96
59.95,59.95
58.84,58.84
51.22,51.22
51.21,51.21
51.2,51.2
53.75,53.75
58.98,58.98
58.93,58.93
57.32,57.32
49.13,49.13
49.01,49.01
49,49
51.07,51.07
51.06,51.06
58.32,58.32
57.27,57.27
57.24,57.24
57.23,57.23
57.22,57.22
65.56,65.56
65.55,65.55
55.14,55.14
53.04,53.04
53.9,53.9
51.8,51.8
40.34,40.34
40.32,40.32
40.3,40.3
40.28,40.28
37.16,37.16
37.15,37.15
42.36,42.36
33.65,33.65
4.17,4.17
7.29,7.29
36.35,36.35
35.31,35.31
31.15,31.15
34.27,34.27
37.4,37.4
57.34,57.34
45.57,45.57
40.36,40.36
39.86,39.86
44.54,44.54
44.53,44.53
43.48,43.48
39.54,39.54
39.51,39.51
41.08,41.08
34.82,34.82
34.81,34.81
34.8,34.8
34.78,34.78
34.77,34.77
34.76,34.76
34.75,34.75
34.74,34.74
34.73,34.73
34.72,34.72
34.71,34.71
34.7,34.7
34.69,34.69
40.94,40.94
40.93,40.93
40.92,40.92
40.91,40.91
28.39,28.39
29.95,29.95
31.51,31.51
9.11,9.11
19.01,19.01
24.22,24.22
60.05,60.05
61.3,61.3
53.49,53.49
57.14,57.14
54.01,54.01
51.41,51.41
49.84,49.84
47.76,47.76
51.09,51.09
54.22,54.22
47.97,47.97
44.84,44.84
50.34,50.34
50.28,50.28
50.24,50.24
50.17,50.17
50.13,50.13
50.11,50.11
50.08,50.08
50.02,50.02
49.99,49.99
49.96,49.96
49.94,49.94
49.93,49.93
49.91,49.91
49.88,49.88
49.86,49.86
49.83,49.83
49.8,49.8
49.78,49.78
49.7,49.7
49.67,49.67
49.64,49.64
49.61,49.61
49.6,49.6
49.55,49.55
49.52,49.52
49.5,49.5
49.47,49.47
49.46,49.46
49.45,49.45
49.44,49.44
49.41,49.41
49.38,49.38
49.36,49.36
49.35,49.35
44.01,44.01
43.97,43.97
43.95,43.95
43.92,43.92
43.87,43.87
43.86,43.86
40.71,40.71
40.69,40.69
40.65,40.65
40.64,40.64
40.59,40.59
40.57,40.57
40.55,40.55
40.53,40.53
40.52,40.52
40.51,40.51
42.52,42.52
42.48,42.48
42.43,42.43
42.41,42.41
42.4,42.4
42.38,42.38
42.37,42.37
42.35,42.35
45.48,45.48
45.46,45.46
45.44,45.44
45.43,45.43
45.4,45.4
45.39,45.39
45.38,45.38
45.35,45.35
45.34,45.34
45.33,45.33
51.82,51.82
43.66,43.66
43.65,43.65
43.64,43.64
38.91,38.91
38.13,38.13
38.1,38.1
38.07,38.07
38.06,38.06
38.05,38.05
35.81,35.81
35.8,35.8
35.79,35.79
35.78,35.78
35.76,35.76
35.75,35.75
37.83,37.83
37.82,37.82
37.8,37.8
37.77,37.77
38.22,38.22
38.21,38.21
38.2,38.2
38.19,38.19
38.17,38.17
38.16,38.16
38.15,38.15
36.05,36.05
36.03,36.03
36.02,36.02
36,36
35.99,35.99
35.98,35.98
35.97,35.97
36.09,36.09
36.08,36.08
36.07,36.07
36.06,36.06
36.04,36.04
35.95,35.95
35.93,35.93
35.15,35.15
35.13,35.13
35.12,35.12
35.11,35.11
35.1,35.1
35.09,35.09
35.08,35.08
35.07,35.07
35.06,35.06
34.28,34.28
34.26,34.26
34.25,34.25
34.24,34.24
34.23,34.23
34.21,34.21
34.2,34.2
32.24,32.24
32.23,32.23
32.22,32.22
32.21,32.21
32.2,32.2
32.19,32.19
32.18,32.18
32.17,32.17
32.16,32.16
32.15,32.15
32.14,32.14
32.13,32.13
32.12,32.12
32.11,32.11
32.09,32.09
32.08,32.08
32.07,32.07
32.06,32.06
32.04,32.04
32,32
31.99,31.99
31.92,31.92
31.91,31.91
31.09,31.09
31.08,31.08
31.07,31.07
31.06,31.06
31.03,31.03
31.02,31.02
31.01,31.01
31,31
30.99,30.99
30.96,30.96
30.09,30.09
29.1,29.1
29.09,29.09
29.08,29.08
28.3,28.3
27.55,27.55
73.23,73.23
59.89,59.89
59.88,59.88
66.12,66.12
65.3,65.3
65.29,65.29
65.28,65.28
65.27,65.27
62.13,62.13
62.11,62.11
57.95,57.95
49.59,49.59
56.88,56.88
56.86,56.86
53.72,53.72
51.64,51.64
51.63,51.63
50.91,50.91
50.9,50.9
49.34,49.34
31.25,31.25
15.62,15.62
41.87,41.87
67.89,67.89
67.88,67.88
67.87,67.87
67.86,67.86
60.54,60.54
60.43,60.43
60.39,60.39
61.9,61.9
55.65,55.65
55.63,55.63
53.06,53.06
52.95,52.95
48.78,48.78
48.72,48.72
48.67,48.67
31.82,31.82
25.57,25.57
29.74,29.74
29.71,29.71
25.54,25.54
25.53,25.53
81.25,81.25
81.51,81.51
79.95,79.95
78.91,78.91
76.82,76.82
74.22,74.22
75.83,75.83
72.71,72.71
74.53,74.53
75.31,75.31
73.75,73.75
69.32,69.32
79.43,79.43
80.73,80.73
34.37,34.37
50.78,50.78
53.33,53.33
59.17,59.17
60.31,60.31
57.19,57.19
56.67,56.67
59.69,59.69
10.83,10.83
27.4,27.4
21.67,21.67
29.48,29.48
26.35,26.35
63.28,63.28
71.67,71.67
68.3,68.3
65.15,65.15
64.96,64.96
64.89,64.89
64.87,64.87
64.82,64.82
64.79,64.79
64.76,64.76
61.6,61.6
61.57,61.57
61.55,61.55
61.53,61.53
61.52,61.52
59.4,59.4
59.36,59.36
60.61,60.61
60.6,60.6
59.62,59.62
59.6,59.6
59.59,59.59
59.56,59.56
59.55,59.55
59.54,59.54
59.53,59.53
59.51,59.51
59.5,59.5
59.49,59.49
59.48,59.48
59.47,59.47
59.46,59.46
59.45,59.45
59.44,59.44
64.57,64.57
62.47,62.47
62.46,62.46
60.9,60.9
60.88,60.88
62.95,62.95
62.94,62.94
62.93,62.93
61.88,61.88
63.95,63.95
63.94,63.94
64.41,64.41
63.93,63.93
63.92,63.92
63.9,63.9
63.89,63.89
63.88,63.88
63.86,63.86
63.84,63.84
63.83,63.83
63.82,63.82
63.81,63.81
63.78,63.78
61.69,61.69
61.68,61.68
61.67,61.67
61.66,61.66
60.02,60.02
60.01,60.01
65.86,65.86
59.42,59.42
65.66,65.66
65.65,65.65
65.64,65.64
65.61,65.61
66.4,66.4
66.38,66.38
66.37,66.37
66.36,66.36
63.23,63.23
63.22,63.22
63.21,63.21
63.2,63.2
62.41,62.41
54.87,54.87
49.42,49.42
48.58,48.58
48.57,48.57
48.56,48.56
48.55,48.55
48.74,48.74
48.73,48.73
45.47,45.47
45.45,45.45
43.85,43.85
43.84,43.84
43.83,43.83
42.56,42.56
41.97,41.97
35.65,35.65
35.64,35.64
35.62,35.62
35.61,35.61
35.6,35.6
33.26,33.26
33.25,33.25
33.24,33.24
32.39,32.39
32.38,32.38
31.8,31.8
31.79,31.79
30.65,30.65
30.64,30.64
30.63,30.63
30.62,30.62
30.61,30.61
29.04,29.04
29.03,29.03
25.89,25.89
24.33,24.33
21.2,21.2
45.05,45.05
48.7,48.7
60.1,60.1
59.06,59.06
58.44,58.44
56.35,56.35
53.23,53.23
50.12,50.12
50.04,50.04
49.97,49.97
49.92,49.92
49.76,49.76
49.73,49.73
49.69,49.69
49.65,49.65
49.54,49.54
50.67,50.67
50.65,50.65
50.62,50.62
50.61,50.61
50.58,50.58
50.57,50.57
50.55,50.55
50.54,50.54
50.51,50.51
50.49,50.49
50.48,50.48
50.47,50.47
50.46,50.46
50.44,50.44
50.41,50.41
50.4,50.4
50.36,50.36
50.35,50.35
50.33,50.33
50.32,50.32
50.3,50.3
50.29,50.29
50.27,50.27
50.25,50.25
53.31,53.31
53.3,53.3
53.29,53.29
53.27,53.27
53.26,53.26
53.25,53.25
53.24,53.24
53.22,53.22
53.21,53.21
53.19,53.19
53.17,53.17
53.16,53.16
53.15,53.15
53.14,53.14
53.11,53.11
53.1,53.1
53.09,53.09
53.07,53.07
53.03,53.03
53.01,53.01
53,53
52.98,52.98
52.96,52.96
52.94,52.94
52.93,52.93
52.92,52.92
52.91,52.91
52.89,52.89
52.88,52.88
52.85,52.85
52.84,52.84
52.83,52.83
52.81,52.81
52.8,52.8
52.79,52.79
52.78,52.78
52.77,52.77
52.76,52.76
52.75,52.75
53.71,53.71
53.69,53.69
52.64,52.64
52.63,52.63
52.62,52.62
54.71,54.71
54.68,54.68
53.81,53.81
53.77,53.77
53.73,53.73
54.25,54.25
54.24,54.24
54.23,54.23
78.39,78.39
80.47,80.47
77.34,77.34
80.16,80.16
81.41,81.41
82.66,82.66
83.91,83.91
85.47,85.47
87.55,87.55
83.7,83.7
80.85,80.85
63.49,63.49
63.48,63.48
63.45,63.45
63.43,63.43
63.42,63.42
63.41,63.41
63.4,63.4
63.39,63.39
63.37,63.37
63.36,63.36
63.34,63.34
60.19,60.19
60.17,60.17
60.15,60.15
58.05,58.05
58.02,58.02
59.03,59.03
59.02,59.02
47.47,47.47
47.46,47.46
47.44,47.44
47.42,47.42
47.41,47.41
47.39,47.39
47.38,47.38
47.36,47.36
47.35,47.35
47.33,47.33
45.68,45.68
45.65,45.65
45.63,45.63
44.42,44.42
44.38,44.38
44.35,44.35
44.32,44.32
44.3,44.3
44.29,44.29
44.28,44.28
44.26,44.26
44.23,44.23
44.21,44.21
44.2,44.2
44.19,44.19
44.18,44.18
44.16,44.16
44,44
43.99,43.99
43.98,43.98
43.96,43.96
43.94,43.94
43.93,43.93
43.91,43.91
39.14,39.14
39.12,39.12
39.01,39.01
40.23,40.23
40.21,40.21
40.2,40.2
40.19,40.19
40.18,40.18
40.17,40.17
40.16,40.16
40.15,40.15
40.14,40.14
40.13,40.13
40.12,40.12
40.11,40.11
40.09,40.09
40.08,40.08
40.07,40.07
40.06,40.06
40.05,40.05
40.04,40.04
40.03,40.03
40.02,40.02
40.01,40.01
40,40
39.99,39.99
39.98,39.98
39.97,39.97
39.96,39.96
39.95,39.95
39.94,39.94
39.93,39.93
39.89,39.89
39.88,39.88
39.67,39.67
39.66,39.66
39.64,39.64
39.62,39.62
39.61,39.61
36.33,36.33
36.32,36.32
36.31,36.31
36.3,36.3
37.18,37.18
37.17,37.17
37.14,37.14
37.13,37.13
37.12,37.12
37.11,37.11
37.1,37.1
37.09,37.09
37.08,37.08
37.07,37.07
37.06,37.06
37.05,37.05
37.04,37.04
37.03,37.03
36.23,36.23
36.22,36.22
36.21,36.21
32.31,32.31
32.3,32.3
32.28,32.28
26.38,26.38
70.57,70.57
75.21,75.21
60.36,60.36
61.61,61.61
59.01,59.01
71.41,71.41
69.84,69.84
68.02,68.02
71.61,71.61
77.86,77.86
47.66,47.66
36.2,36.2
41.25,41.25
38.75,38.75
19.58,19.58
21.61,21.61
20.05,20.05
21.09,21.09
22.14,22.14
27.86,27.86
34.58,34.58
32.5,32.5
39.79,39.79
29.9,29.9
36.25,36.25
38.85,38.85
29.46,29.46
29.45,29.45
33.82,33.82
30.7,30.7
30.69,30.69
26.46,26.46
26.45,26.45
31.14,31.14
31.13,31.13
28.85,28.85
47.83,47.83
47.82,47.82
38.44,38.44
47.73,47.73
47.72,47.72
41.99,41.99
48.33,48.33
40.31,40.31
35.5,35.5
83.33,83.33
59.79,59.79
62.92,62.92
74.64,74.64
71.77,71.77
65.73,65.73
60.52,60.52
57.58,57.58
57.46,57.46
60.66,60.66
60.65,60.65
60.63,60.63
60.56,60.56
60.51,60.51
60.4,60.4
60.38,60.38
60.34,60.34
61.04,61.04
61,61
57.59,57.59
57.47,57.47
57.44,57.44
57.37,57.37
57.33,57.33
57.26,57.26
57.25,57.25
57.2,57.2
57.13,57.13
57.09,57.09
57.07,57.07
57.02,57.02
53.87,53.87
53.83,53.83
53.61,53.61
53.58,53.58
53.55,53.55
53.51,53.51
51.84,51.84
51.78,51.78
51.76,51.76
51.74,51.74
51.71,51.71
51.69,51.69
51.65,51.65
51.61,51.61
51.6,51.6
51.55,51.55
51.53,51.53
51.52,51.52
49.23,49.23
45.91,45.91
45.89,45.89
45.84,45.84
45.82,45.82
45.7,45.7
47.78,47.78
47.75,47.75
47.7,47.7
47.69,47.69
44.57,44.57
36.65,36.65
36.63,36.63
36.61,36.61
34.11,34.11
33.59,33.59
38.28,38.28
47.6,47.6
57.74,57.74
49.57,49.57
52.23,52.23
52.16,52.16
52.99,52.99
52.17,52.17
33.28,33.28
31.19,31.19
61.56,61.56
57.01,57.01
56.95,56.95
56.89,56.89
54.42,54.42
51.23,51.23
51.18,51.18
51.15,51.15
51.01,51.01
50.98,50.98
54.11,54.11
54.08,54.08
54.06,54.06
54.04,54.04
49.87,49.87
48.26,48.26
48.24,48.24
46.99,46.99
46.96,46.96
46.95,46.95
46.9,46.9
42.3,42.3
42.28,42.28
42.27,42.27
35.49,35.49
35.48,35.48
35.47,35.47
35.46,35.46
35.45,35.45
35.44,35.44
82.5,82.5
80.42,80.42
87.4,87.4
87.08,87.08
85,85
79.79,79.79
77.71,77.71
73.54,73.54
76.35,76.35
72.94,72.94
72.89,72.89
72.86,72.86
72.79,72.79
72.75,72.75
68.56,68.56
68.32,68.32
68.21,68.21
68.13,68.13
67.82,67.82
67.74,67.74
67.67,67.67
67.31,67.31
67.09,67.09
67.02,67.02
66.99,66.99
66.95,66.95
66.9,66.9
66.86,66.86
66.82,66.82
67.59,67.59
67.56,67.56
70.62,70.62
70.59,70.59
70.56,70.56
70.46,70.46
70.43,70.43
70.25,70.25
70.19,70.19
70.15,70.15
70.12,70.12
70.07,70.07
70.02,70.02
66.58,66.58
66.55,66.55
66.53,66.53
66.48,66.48
62.67,62.67
62.65,62.65
62.63,62.63
62.6,62.6
62.58,62.58
62.57,62.57
62.55,62.55
65.05,65.05
64.88,64.88
64.83,64.83
66.08,66.08
64.43,64.43
64.4,64.4
64.33,64.33
64.31,64.31
64.25,64.25
58.25,58.25
76.46,76.46
79.58,79.58
81.15,81.15
77.5,77.5
79.06,79.06
77.19,77.19
75.62,75.62
63.12,63.12
64.69,64.69
60,60
61.25,61.25
55,55
49.71,49.71
49.68,49.68
49.66,49.66
60.03,60.03
59.99,59.99
59.98,59.98
59.97,59.97
61.63,61.63
61.59,61.59
61.58,61.58
56.72,56.72
55.12,55.12
54.07,54.07
54.05,54.05
54.03,54.03
54.02,54.02
53.99,53.99
53.98,53.98
53.96,53.96
53.95,53.95
53.94,53.94
53.93,53.93
57.05,57.05
57.03,57.03
57,57
56.99,56.99
56.98,56.98
56.97,56.97
60.07,60.07
60.06,60.06
60.04,60.04
61.29,61.29
61.28,61.28
61.27,61.27
61.26,61.26
61.24,61.24
61.23,61.23
61.22,61.22
61.19,61.19
61.18,61.18
61.17,61.17
61.16,61.16
61.15,61.15
61.14,61.14
61.13,61.13
56.39,56.39
56.38,56.38
56.36,56.36
56.31,56.31
58.18,58.18
58.14,58.14
58.13,58.13
58.11,58.11
58.09,58.09
48.22,48.22
48.21,48.21
48.2,48.2
48.19,48.19
48.17,48.17
47.32,47.32
47.31,47.31
47.3,47.3
38.8,38.8
55.91,55.91
55.87,55.87
55.76,55.76
55.34,55.34
55.33,55.33
55.28,55.28
55.15,55.15
51.9,51.9
51.81,51.81
51.47,51.47
51.45,51.45
51.42,51.42
51.4,51.4
51.39,51.39
51.37,51.37
51.35,51.35
50.74,50.74
50.73,50.73
50.71,50.71
50.69,50.69
50.66,50.66
47.54,47.54
47.53,47.53
47.52,47.52
47.5,47.5
47.49,47.49
47.48,47.48
47.45,47.45
47.37,47.37
48.41,48.41
48.4,48.4
48.39,48.39
48.38,48.38
48.36,48.36
48.35,48.35
48.32,48.32
48.31,48.31
49.33,49.33
57.9,57.9
57.89,57.89
57.8,57.8
57.79,57.79
57.78,57.78
57.75,57.75
57.45,57.45
57.43,57.43
57.42,57.42
57.41,57.41
57.39,57.39
57.38,57.38
57.36,57.36
57.35,57.35
57.31,57.31
57.21,57.21
57.15,57.15
61.83,61.83
47.19,47.19
43.33,43.33
37.73,37.73
68.76,68.76
68.73,68.73
68.7,68.7
64.52,64.52
64.51,64.51
64.49,64.49
62.39,62.39
59,59
58.99,58.99
58.97,58.97
55.85,55.85
55.84,55.84
72.5,72.5
63.19,63.19
63.18,63.18
63.16,63.16
63.14,63.14
63.11,63.11
63.07,63.07
63.04,63.04
61.38,61.38
61.36,61.36
61.33,61.33
61.31,61.31
61.21,61.21
61.12,61.12
56.93,56.93
56.91,56.91
56.9,56.9
54.66,54.66
54.65,54.65
54.63,54.63
54.61,54.61
54.59,54.59
54.46,54.46
54.39,54.39
54.35,54.35
51.16,51.16
52.38,52.38
52.32,52.32
52.28,52.28
52.21,52.21
52.18,52.18
52.14,52.14
52.1,52.1
52.05,52.05
51.73,51.73
51.68,51.68
51.62,51.62
51.59,51.59
51.44,51.44
54.32,54.32
54.29,54.29
54.26,54.26
54,54
53.92,53.92
53.89,53.89
53.67,53.67
53.63,53.63
53.62,53.62
48.37,48.37
43.68,43.68
40.4,40.4
40.39,40.39
40.38,40.38
40.37,40.37
40.35,40.35
41.91,41.91
41.9,41.9
43.82,43.82
43.78,43.78
43.74,43.74
43.72,43.72
43.26,43.26
43.24,43.24
43.22,43.22
43.2,43.2
43.18,43.18
43.17,43.17
43.15,43.15
43.13,43.13
43.1,43.1
45.17,45.17
45.15,45.15
45.14,45.14
45.13,45.13
45.12,45.12
45.11,45.11
45.09,45.09
45.08,45.08
45.07,45.07
26.86,26.86
25.3,25.3
62.86,62.86
56.61,56.61
52.22,52.22
44.4,44.4
45.25,45.25
42.7,42.7
72.76,72.76
71.46,71.46
71.84,71.84
71.83,71.83
71.82,71.82
71.81,71.81
71.8,71.8
71.79,71.79
71.78,71.78
71.76,71.76
71.75,71.75
71.74,71.74
71.91,71.91
71.89,71.89
71.87,71.87
71.86,71.86
70.24,70.24
70.22,70.22
70.2,70.2
70.17,70.17
65.04,65.04
59.33,59.33
59.32,59.32
59.31,59.31
54.47,54.47
54.45,54.45
54.44,54.44
54.41,54.41
54.37,54.37
54.36,54.36
54.34,54.34
50.76,50.76
50.75,50.75
49.49,49.49
49.43,49.43
49.4,49.4
49.39,49.39
49.37,49.37
47.68,47.68
47.67,47.67
47.65,47.65
47.64,47.64
47.59,47.59
47.58,47.58
47.57,47.57
47.56,47.56
47.55,47.55
52.19,52.19
54.27,54.27
45.94,45.94
38.33,38.33
22.19,22.19
65.89,65.89
73.33,73.33
52.97,52.97
56.82,56.82
59.07,59.07
59.05,59.05
59.04,59.04
58.4,58.4
55.58,55.58
55.56,55.56
55.55,55.55
55.54,55.54
55.53,55.53
55.51,55.51
55.5,55.5
52.26,52.26
52.25,52.25
47.17,47.17
47.16,47.16
41.21,41.21
41.2,41.2
21.87,21.87
49.17,49.17
42.6,42.6
42.59,42.59
41.54,41.54
41.02,41.02
41.01,41.01
45.18,45.18
55.77,55.77
70.35,70.35
66.17,66.17
66.14,66.14
64.55,64.55
64.54,64.54
64.53,64.53
44.36,44.36
43.52,43.52
41.24,41.24
41.23,41.23
41.22,41.22
41.19,41.19
41.18,41.18
29.65,29.65
29.64,29.64
29.63,29.63
29.62,29.62
29.61,29.61
29.6,29.6
29.59,29.59
29.58,29.58
29.57,29.57
29.56,29.56
31.12,31.12
31.11,31.11
31.1,31.1
31.05,31.05
34.16,34.16
34.15,34.15
34.14,34.14
34.13,34.13
34.12,34.12
34.1,34.1
34.09,34.09
34.08,34.08
34.07,34.07
36.15,36.15
36.14,36.14
36.13,36.13
36.12,36.12
36.11,36.11
42.18,42.18
42.17,42.17
42.16,42.16
45.41,45.41
45.37,45.37
45.32,45.32
43.21,43.21
43.19,43.19
43.16,43.16
43.14,43.14
43.07,43.07
43.06,43.06
43.05,43.05
43.03,43.03
47.63,47.63
47.62,47.62
47.61,47.61
47.51,47.51
60.49,60.49
33.9,33.9
3.65,3.65
56.04,56.04
48.99,48.99
52.11,52.11
55.75,55.75
55.74,55.74
47.93,47.93
46.72,46.72
46.71,46.71
51.26,51.26
81.34,81.34
81.26,81.26
81.18,81.18
81.13,81.13
79.05,79.05
78.99,78.99
78.95,78.95
78.94,78.94
80.5,80.5
80.48,80.48
80.46,80.46
81.04,81.04
81.02,81.02
80.99,80.99
80.96,80.96
79.39,79.39
79.38,79.38
74.21,74.21
74.2,74.2
70.08,70.08
67.98,67.98
67.96,67.96
43.57,43.57
43.56,43.56
37.57,37.57
37.53,37.53
37.48,37.48
37.94,37.94
37.85,37.85
37.84,37.84
39.38,39.38
47.18,47.18
47.15,47.15
47.13,47.13
47.12,47.12
47.11,47.11
35.68,35.68
68.59,68.59
69.11,69.11
72.45,72.45
61.93,61.93
61.92,61.92
61.91,61.91
61.89,61.89
59.52,59.52
55.32,55.32
55.3,55.3
55.27,55.27
53.6,53.6
52.53,52.53
54.09,54.09
53.35,53.35
50.96,50.96
50.85,50.85
50.81,50.81
50.8,50.8
52.59,52.59
52.57,52.57
52.47,52.47
57.57,57.57
56.71,56.71
56.6,56.6
56.49,56.49
54.1,54.1
53.47,53.47
53.46,53.46
53.84,53.84
52.09,52.09
52.07,52.07
52.03,52.03
52,52
51.12,51.12
51.1,51.1
51.02,51.02
50.94,50.94
50.92,50.92
50.89,50.89
50.87,50.87
50.79,50.79
50.77,50.77
50.72,50.72
50.7,50.7
50.64,50.64
50.63,50.63
50.59,50.59
50.56,50.56
50.53,50.53
50.45,50.45
51.14,51.14
51.13,51.13
51.11,51.11
51.03,51.03
50.99,50.99
50.93,50.93
53.5,53.5
54.75,54.75
54.64,54.64
54.6,54.6
54.4,54.4
54.31,54.31
54.3,54.3
56.85,56.85
56.8,56.8
56.78,56.78
56.76,56.76
56.75,56.75
56.73,56.73
56.69,56.69
56.64,56.64
56.62,56.62
56.58,56.58
56.57,56.57
54.93,54.93
53.2,53.2
53.08,53.08
45.03,45.03
45.02,45.02
45,45
44.98,44.98
44.97,44.97
44.96,44.96
44.95,44.95
44.94,44.94
44.93,44.93
44.91,44.91
44.88,44.88
35.59,35.59
33.51,33.51
33.5,33.5
27.25,27.25
33.49,33.49
53.85,53.85
42.34,42.34
25.94,25.94
14.94,14.94
43.3,43.3
46.37,46.37
46.21,46.21
44.33,44.33
48.23,48.23
70.05,70.05
78.23,78.23
79.27,79.27
77.92,77.92
48.25,48.25
46.92,46.92
48.48,48.48
46.33,46.33
46.32,46.32
46.31,46.31
46.3,46.3
46.29,46.29
44.39,44.39
26.82,26.82
20.57,20.57
18.49,18.49
58.54,58.54
37.6,37.6
47.95,47.95
47.91,47.91
47.87,47.87
47.84,47.84
46.25,46.25
44.69,44.69
46.98,46.98
48.84,48.84
51.86,51.86
51.75,51.75
55.07,55.07
45.22,45.22
44.59,44.59
36.24,36.24
36.93,36.93
33.22,33.22
33.21,33.21
33.15,33.15
33.07,33.07
33.03,33.03
37.76,37.76
41.93,41.93
51.98,51.98
55.61,55.61
55.41,55.41
49.16,49.16
43.54,43.54
32.6,32.6
42.81,42.81
40.89,40.89
28.75,28.75
83.75,83.75
81.67,81.67
80.31,80.31
81.35,81.35
89.69,89.69
87.92,87.92
84.17,84.17
69.21,69.21
69.18,69.18
69.16,69.16
69.14,69.14
69.08,69.08
75.28,75.28
75.24,75.24
75.18,75.18
75.15,75.15
75.13,75.13
75.11,75.11
75.09,75.09
75.07,75.07
75.05,75.05
75.04,75.04
75.02,75.02
74.99,74.99
74.97,74.97
74.95,74.95
78.06,78.06
78.05,78.05
78.04,78.04
78.03,78.03
78.02,78.02
78.01,78.01
78,78
77.99,77.99
77.98,77.98
77.97,77.97
77.96,77.96
77.95,77.95
77.42,77.42
77.41,77.41
77.39,77.39
77.38,77.38
77.37,77.37
77.36,77.36
77.35,77.35
77.33,77.33
78.58,78.58
78.57,78.57
78.56,78.56
78.55,78.55
78.54,78.54
77.18,77.18
77.17,77.17
77.16,77.16
77.15,77.15
77.14,77.14
77.13,77.13
77.12,77.12
77.11,77.11
77.1,77.1
77.09,77.09
77.07,77.07
77.06,77.06
78.18,78.18
78.17,78.17
78.16,78.16
78.15,78.15
79.71,79.71
79.7,79.7
79.68,79.68
79.67,79.67
79.66,79.66
79.65,79.65
79.64,79.64
79.63,79.63
79.62,79.62
79.61,79.61
79.6,79.6
79.59,79.59
79.57,79.57
78.77,78.77
78.76,78.76
78.75,78.75
78.74,78.74
78.73,78.73
78.72,78.72
78.71,78.71
78.7,78.7
78.69,78.69
78.68,78.68
78.67,78.67
78.66,78.66
76.06,76.06
76.03,76.03
76.02,76.02
76.01,76.01
76,76
75.99,75.99
75.98,75.98
77.02,77.02
77.01,77.01
77,77
76.99,76.99
76.98,76.98
76.97,76.97
75.41,75.41
62.85,62.85
46.39,46.39
36.92,36.92
36.9,36.9
48.29,48.29
43.69,43.69
44.81,44.81
48.42,48.42
48.16,48.16
48.15,48.15
43.46,43.46
39.26,39.26
39.78,39.78
39.49,39.49
36.36,36.36
37.41,37.41
36.4,36.4
36.39,36.39
28.57,28.57
27.01,27.01
48.65,48.65
47.08,47.08
51.46,51.46
51.77,51.77
53.56,53.56
60.62,60.62
66.1,66.1
62.43,62.43
73.64,73.64
73.6,73.6
73.59,73.59
73.56,73.56
73.53,73.53
73.51,73.51
73.48,73.48
73.2,73.2
73.16,73.16
73.13,73.13
73.11,73.11
73.06,73.06
73.04,73.04
74.54,74.54
74.45,74.45
74.42,74.42
74.38,74.38
74.34,74.34
72.74,72.74
72.69,72.69
72.6,72.6
72.58,72.58
72.56,72.56
72.54,72.54
72.48,72.48
72.46,72.46
72.44,72.44
72.42,72.42
72.37,72.37
72.32,72.32
72.28,72.28
72.26,72.26
72.24,72.24
72.22,72.22
72.2,72.2
73.77,73.77
73.73,73.73
73.68,73.68
73.62,73.62
70.58,70.58
70.48,70.48
64.08,64.08
64.05,64.05
64.03,64.03
64.02,64.02
64.01,64.01
63.99,63.99
30.74,30.74
30.72,30.72
30.71,30.71
30.68,30.68
32.77,32.77
32.76,32.76
34.84,34.84
34.31,34.31
25.98,25.98
28.42,28.42
79.17,79.17
69.54,69.54
65.69,65.69
59.43,59.43
59.41,59.41
59.39,59.39
59.35,59.35
59.34,59.34
60.86,60.86
60.85,60.85
61.87,61.87
61.86,61.86
61.85,61.85
61.84,61.84
68.09,68.09
58.76,58.76
61.1,61.1
60.45,60.45
52.61,52.61
47.07,47.07
47.06,47.06
45.58,45.58
45.75,45.75
47.28,47.28
47.27,47.27
28.13,28.13
45.61,45.61
45.29,45.29
45.26,45.26
43.59,43.59
53.34,53.34
51.72,51.72
51.7,51.7
50.09,50.09
48.52,48.52
48.51,48.51
49.02,49.02
47.2,47.2
38.5,38.5
38.49,38.49
38.48,38.48
38.47,38.47
38.79,38.79
38.78,38.78
38.77,38.77
38.76,38.76
38.74,38.74
38.73,38.73
36.29,36.29
33.17,33.17
33.16,33.16
64.48,64.48
38.72,38.72
38.71,38.71
44.47,44.47
44.46,44.46
44.45,44.45
49.51,49.51
47.34,47.34
47.26,47.26
47.25,47.25
47.24,47.24
47.23,47.23
47.22,47.22
47.21,47.21
55.89,55.89
69.52,69.52
69.51,69.51
69.5,69.5
69.49,69.49
69.47,69.47
69.46,69.46
69.45,69.45
69.42,69.42
69.41,69.41
69.4,69.4
70.71,70.71
70.7,70.7
70.69,70.69
68.22,68.22
68.2,68.2
67.12,67.12
55.04,55.04
55.02,55.02
54.96,54.96
56.4,56.4
56.37,56.37
56.27,56.27
57.77,57.77
58.95,58.95
58.94,58.94
58.92,58.92
60.44,60.44
60.41,60.41
61.06,61.06
61.05,61.05
61.03,61.03
60.32,60.32
60.29,60.29
60.28,60.28
60.27,60.27
60.26,60.26
60.25,60.25
60.24,60.24
60.23,60.23
60.22,60.22
60.2,60.2
60.18,60.18
60.14,60.14
60.13,60.13
60.12,60.12
60.11,60.11
60.08,60.08
52.42,52.42
52.41,52.41
50.16,50.16
50.15,50.15
45.95,45.95
44.72,44.72
44.71,44.71
44.61,44.61
48.61,48.61
51.66,51.66
50.06,50.06
50.03,50.03
52.12,52.12
53.28,53.28
89.84,89.84
87.76,87.76
66.51,66.51
65.16,65.16
72.97,72.97
65.97,65.97
65.95,65.95
65.92,65.92
65.91,65.91
65.88,65.88
65.84,65.84
65.82,65.82
63.74,63.74
63.72,63.72
63.71,63.71
63.35,63.35
61.78,61.78
61.76,61.76
61.75,61.75
61.74,61.74
61.73,61.73
61.7,61.7
61.64,61.64
58.47,58.47
58.45,58.45
58.38,58.38
58.34,58.34
58.3,58.3
58.29,58.29
58.28,58.28
55.09,55.09
56.14,56.14
56.12,56.12
56.09,56.09
56.06,56.06
56.02,56.02
56,56
55.96,55.96
55.94,55.94
60.59,60.59
59.73,59.73
59.7,59.7
61.08,61.08
61.01,61.01
60.98,60.98
60.96,60.96
60.82,60.82
60.79,60.79
60.7,60.7
55.49,55.49
55.44,55.44
55.39,55.39
55.38,55.38
65.22,65.22
62.52,62.52
62.44,62.44
62.42,62.42
69.39,69.39
69.33,69.33
69.31,69.31
69.29,69.29
67.13,67.13
68.12,68.12
67.05,67.05
66.45,66.45
58.51,58.51
43.4,43.4
43.39,43.39
43.38,43.38
43.37,43.37
81.46,81.46
79.9,79.9
85.83,85.83
61.54,61.54
62.68,62.68
62.64,62.64
63.46,63.46
64.5,64.5
64.47,64.47
64.46,64.46
64.45,64.45
64.44,64.44
64.42,64.42
64.39,64.39
64.2,64.2
61.07,61.07
43.58,43.58
43.55,43.55
43.51,43.51
43.5,43.5
43.47,43.47
39.81,39.81
38.25,38.25
38.24,38.24
38.23,38.23
64.64,64.64
56.7,56.7
53.53,53.53
45.97,45.97
74.06,74.06
42.91,42.91
42.9,42.9
42.67,42.67
42.65,42.65
42.64,42.64
42.63,42.63
40.54,40.54
32.7,32.7
32.69,32.69
42.06,42.06
38.93,38.93
38.92,38.92
38.9,38.9
82.81,82.81
85.73,85.73
86.77,86.77
69.74,69.74
77.3,77.3
77.27,77.27
77.25,77.25
69.34,69.34
69.28,69.28
69.15,69.15
69.12,69.12
69.09,69.09
69.03,69.03
68.97,68.97
68.79,68.79
68.66,68.66
68.48,68.48
68.43,68.43
68.4,68.4
68.19,68.19
68.17,68.17
68.15,68.15
68.14,68.14
68.11,68.11
68.01,68.01
68,68
65.38,65.38
65.37,65.37
65.35,65.35
65.34,65.34
65.33,65.33
62.19,62.19
62.17,62.17
62.15,62.15
56.54,56.54
60.69,60.69
60.67,60.67
62.73,62.73
60.95,60.95
60.93,60.93
76.3,76.3
76.2,76.2
77.24,77.24
75.68,75.68
77.76,77.76
79.84,79.84
80.89,80.89
82.97,82.97
78.8,78.8
80.36,80.36
81.61,81.61
80.05,80.05
78.49,78.49
77.66,77.66
76.09,76.09
79.3,79.3
79.28,79.28
79.26,79.26
79.25,79.25
79.24,79.24
80,80
79.99,79.99
79.98,79.98
79.19,79.19
79.18,79.18
79.16,79.16
79.15,79.15
79.14,79.14
79.13,79.13
66.94,66.94
66.87,66.87
66.84,66.84
65.75,65.75
65.72,65.72
65.67,65.67
65.58,65.58
65.54,65.54
65.5,65.5
65.49,65.49
65.47,65.47
65.44,65.44
65.39,65.39
65.26,65.26
65.18,65.18
65.11,65.11
65.09,65.09
66.6,66.6
68.47,68.47
67.99,67.99
67.95,67.95
67.92,67.92
67.76,67.76
67.37,67.37
67.27,67.27
67.1,67.1
64.85,64.85
64.8,64.8
66.5,66.5
66.49,66.49
66.34,66.34
66.33,66.33
66.29,66.29
66.27,66.27
66.24,66.24
66.19,66.19
69.19,69.19
69.13,69.13
69.1,69.1
69.05,69.05
69.04,69.04
69.02,69.02
69,69
68.99,68.99
68.95,68.95
68.6,68.6
68.42,68.42
68.34,68.34
64.86,64.86
64.81,64.81
62.09,62.09
47.04,47.04
70.55,70.55
63.06,63.06
63.05,63.05
42.22,42.22
59.84,59.84
55.42,55.42
53.32,53.32
48.71,48.71
15.36,15.36
65.78,65.78
49.12,49.12
49.11,49.11
49.09,49.09
49.08,49.08
49.07,49.07
56.13,56.13
56.11,56.11
56.08,56.08
56.03,56.03
55.86,55.86
55.81,55.81
55.8,55.8
55.72,55.72
55.69,55.69
55.48,55.48
55.45,55.45
55.4,55.4
51.38,51.38
35.92,35.92
29.15,29.15
35.88,35.88
35.87,35.87
35.85,35.85
37.97,37.97
51.25,51.25
54.38,54.38
60.57,60.57
71.93,71.93
65.45,65.45
65.43,65.43
63,63
62.99,62.99
45.69,45.69
45.67,45.67
45.66,45.66
41.17,41.17
38.82,38.82
38.81,38.81
33.61,33.61
33.6,33.6
33.58,33.58
26.03,26.03
26.02,26.02
26.8,26.8
18.47,18.47
18.46,18.46
19.5,19.5
19.49,19.49
25.22,25.22
29.39,29.39
29.27,29.27
26.15,26.15
21.46,21.46
30.05,30.05
32.55,32.55
61.71,61.71
61.62,61.62
59.3,59.3
59.25,59.25
59.23,59.23
59.21,59.21
59.2,59.2
59.19,59.19
59.15,59.15
59.13,59.13
59.08,59.08
58.89,58.89
58.8,58.8
58.21,58.21
58.17,58.17
56.66,56.66
58.2,58.2
58.91,58.91
59.94,59.94
59.93,59.93
59.92,59.92
59.91,59.91
59.87,59.87
59.86,59.86
59.85,59.85
55.43,55.43
41.89,41.89
72.65,72.65
48.6,48.6
48.53,48.53
48.5,48.5
45.3,45.3
45.27,45.27
43.11,43.11
79.22,79.22
73.49,73.49
78.08,78.08
71.54,71.54
71.43,71.43
71.39,71.39
71.56,71.56
71.49,71.49
71.44,71.44
73.89,73.89
73.8,73.8
73.78,73.78
73.76,73.76
70.6,70.6
74.26,74.26
74.25,74.25
74.24,74.24
74.23,74.23
56.68,56.68
41.1,41.1
74.9,74.9
71.98,71.98
71.94,71.94
71.92,71.92
64.28,64.28
63.17,63.17
63.15,63.15
63.1,63.1
63.09,63.09
63.08,63.08
41.98,41.98
54.28,54.28
56.07,56.07
56.01,56.01
55.97,55.97
55.95,55.95
55.93,55.93
55.9,55.9
50.97,50.97
48.87,48.87
48.86,48.86
48.82,48.82
45.78,45.78
41.52,41.52
41.14,41.14
40.67,40.67
37.36,37.36
41.03,41.03
41,41
40.99,40.99
40.98,40.98
40.97,40.97
44.64,44.64
44.62,44.62
45.53,45.53
45.51,45.51
45.5,45.5
45.49,45.49
42.32,42.32
42.31,42.31
36.74,36.74
36.73,36.73
36.7,36.7
36.68,36.68
36.67,36.67
36.66,36.66
33.54,33.54
32.44,32.44
32.43,32.43
32.42,32.42
32.41,32.41
32.4,32.4
35.73,35.73
35.7,35.7
35.63,35.63
35.58,35.58
39.83,39.83
39.76,39.76
39.34,39.34
39.29,39.29
39.28,39.28
38.83,38.83
38.68,38.68
38.67,38.67
38.46,38.46
38.45,38.45
38.42,38.42
52.51,52.51
52.49,52.49
78.96,78.96
69.36,69.36
58.9,58.9
48.97,48.97
41.68,41.68
33.32,33.32
40.83,40.83
44.74,44.74
36.58,36.58
36.57,36.57
65.53,65.53
65.48,65.48
57.3,57.3
56.81,56.81
59.26,59.26
59.12,59.12
59.1,59.1
59.09,59.09
58.88,58.88
55.24,55.24
54.67,54.67
56.19,56.19
56.63,56.63
47.9,47.9
47.89,47.89
47.88,47.88
47.85,47.85
47.8,47.8
43.41,43.41
43.36,43.36
43.34,43.34
43.32,43.32
43.29,43.29
43.28,43.28
43.27,43.27
43.25,43.25
42.69,42.69
49.24,49.24
39.92,39.92
33.67,33.67
31.59,31.59
56.52,56.52
56.48,56.48
53.05,53.05
53.48,53.48
52.87,52.87
51.19,51.19
51.17,51.17
49.03,49.03
41.77,41.77
51.85,51.85
47.96,47.96
47.94,47.94
48.95,48.95
48.94,48.94
48.93,48.93
43.31,43.31
42.84,42.84
36.71,36.71
36.69,36.69
28.62,28.62
42.23,42.23
45.85,45.85
45.81,45.81
45.8,45.8
45.77,45.77
51.34,51.34
50.84,50.84
50.5,50.5
48.27,48.27
46.94,46.94
40.78,40.78
40.77,40.77
40.76,40.76
30.59,30.59
31.37,31.37
33.45,33.45
43.44,43.44
35.66,35.66
35.56,35.56
35.54,35.54
35.53,35.53
27.19,27.19
27.16,27.16
27.15,27.15
27.14,27.14
27.12,27.12
27.09,27.09
27.07,27.07
27.04,27.04
55.67,55.67
55.36,55.36
55.35,55.35
78.13,78.13
75.42,75.42
82.08,82.08
76.88,76.88
55.7,55.7
79.48,79.48
49.53,49.53
19.06,19.06
17.5,17.5
29.96,29.96
29.91,29.91
42.08,42.08
86.25,86.25
88.33,88.33
87.81,87.81
80.94,80.94
60.8,60.8
60.71,60.71
29.68,29.68
36.37,36.37
76.72,76.72
79.45,79.45
79.44,79.44
79.42,79.42
79.41,79.41
77.85,77.85
77.49,77.49
77.47,77.47
77.44,77.44
71.73,71.73
71.71,71.71
71.7,71.7
71.69,71.69
71.68,71.68
70.04,70.04
70,70
69.96,69.96
69.93,69.93
67.94,67.94
67.93,67.93
67.26,67.26
63.38,63.38
55.46,55.46
50.6,50.6
39.17,39.17
36.75,36.75
31.46,31.46
35.21,35.21
28.96,28.96
30,30
25.78,25.78
25.69,25.69
30.38,30.38
31.16,31.16
22.57,22.57
22.5,22.5
20.94,20.94
20.92,20.92
20.91,20.91
20.78,20.78
49.98,49.98
36.43,36.43
42.68,42.68
42.66,42.66
41.62,41.62
39.41,39.41
37.28,37.28
43.53,43.53
43.45,43.45
13.28,13.28
20,20
16.77,16.77
12.6,12.6
11.04,11.04
18.85,18.85
17.29,17.29
16.25,16.25
72.81,72.81
52.35,52.35
41.11,41.11
35.9,35.9
74.32,74.32
64.67,64.67
42.87,42.87
42.57,42.57
42.54,42.54
42.51,42.51
42.21,42.21
41.16,41.16
41.12,41.12
41.09,41.09
41.07,41.07
41.06,41.06
41.05,41.05
40.96,40.96
40.95,40.95
40.9,40.9
40.88,40.88
40.87,40.87
40.86,40.86
40.85,40.85
40.81,40.81
40.8,40.8
40.7,40.7
40.56,40.56
39.44,39.44
40.58,40.58
89.9,89.9
91.15,91.15
59.18,59.18
58.37,58.37
58.35,58.35
57.11,57.11
52.31,52.31
60.35,60.35
46.13,46.13
49.26,49.26
40.29,40.29
43.42,43.42
41.51,41.51
39.1,39.1
36.94,36.94
36.91,36.91
11.88,11.88
66.85,66.85
70.87,70.87
60.64,60.64
56.47,56.47
51.54,51.54
60.53,60.53
59.81,59.81
59.76,59.76
59.67,59.67
65.93,65.93
65.46,65.46
65.25,65.25
65.24,65.24
65.23,65.23
65.17,65.17
65.12,65.12
57.28,57.28
57.18,57.18
57.1,57.1
53.52,53.52
47.1,47.1
47.09,47.09
47.03,47.03
47.01,47.01
47,47
46.89,46.89
46.86,46.86
46.85,46.85
46.84,46.84
84.69,84.69
50.88,50.88
45.87,45.87
39.47,39.47
36.26,36.26
36.18,36.18
36.17,36.17
29.34,29.34
29.33,29.33
30.49,30.49
30.48,30.48
75.73,75.73
64.56,64.56
66.42,66.42
65.59,65.59
68.71,68.71
65.9,65.9
65.85,65.85
65.79,65.79
65.77,65.77
65.76,65.76
59.29,59.29
59.24,59.24
46.23,46.23
46.19,46.19
52.13,52.13
52.06,52.06
52.04,52.04
51.99,51.99
51.91,51.91
51.89,51.89
42.26,42.26
42.25,42.25
44.31,44.31
44.25,44.25
44.24,44.24
44.22,44.22
70.99,70.99
75.36,75.36
64.36,64.36
64.35,64.35
64.34,64.34
64.3,64.3
64.18,64.18
64.15,64.15
64.14,64.14
67.69,67.69
67.66,67.66
65.71,65.71
68.83,68.83
72.05,72.05
72.03,72.03
72.02,72.02
72.01,72.01
72,72
73.4,73.4
73.39,73.39
73.38,73.38
73.35,73.35
73.34,73.34
73.32,73.32
73.31,73.31
73.29,73.29
73.26,73.26
73.24,73.24
73.21,73.21
69.94,69.94
64.37,64.37
64.13,64.13
64.72,64.72
64.7,64.7
64.62,64.62
62.23,62.23
45.56,45.56
45.55,45.55
44.34,44.34
50.43,50.43
42.05,42.05
42.04,42.04
61.32,61.32
32.72,32.72
42.88,42.88
35.33,35.33
62.84,62.84
62.82,62.82
62.8,62.8
62.78,62.78
59.63,59.63
59.61,59.61
57.98,57.98
52.55,52.55
52.45,52.45
51.43,51.43
49.85,49.85
49.81,49.81
31.42,31.42
74.27,74.27
30.25,30.25
30.24,30.24
32.32,32.32
30.52,30.52
85.21,85.21
83.65,83.65
75.65,75.65
75.64,75.64
75.61,75.61
75.6,75.6
75.58,75.58
75.57,75.57
75.56,75.56
75.55,75.55
70.76,70.76
70.75,70.75
70.74,70.74
61.94,61.94
59.22,59.22
58.86,58.86
58.82,58.82
58.79,58.79
59.71,59.71
42.12,42.12
42.09,42.09
54.62,54.62
28.16,28.16
28.15,28.15
26.9,26.9
26.06,26.06
25.5,25.5
61.02,61.02
25.26,25.26
46.2,46.2
46.45,46.45
46.44,46.44
46.42,46.42
46.41,46.41
61.79,61.79
39.71,39.71
37.27,37.27
33.3,33.3
30.97,30.97
30.95,30.95
35.34,35.34
33.75,33.75
33.74,33.74
61.65,61.65
59.82,59.82
59.8,59.8
59.77,59.77
59.75,59.75
59.57,59.57
58.81,58.81
51.36,51.36
51.08,51.08
51,51
50.86,50.86
50.18,50.18
50.01,50.01
49.95,49.95
49.89,49.89
49.56,49.56
17.6,17.6
40.47,40.47
28.02,28.02
48.28,48.28
30.31,30.31
35.52,35.52
34.17,34.17
68.68,68.68
68.62,68.62
68.58,68.58
68.55,68.55
68.52,68.52
68.45,68.45
68.37,68.37
70.33,70.33
67.84,67.84
67.83,67.83
67.8,67.8
67.79,67.79
69.82,69.82
69.8,69.8
69.78,69.78
69.76,69.76
69.72,69.72
69.71,69.71
68.26,68.26
64.71,64.71
56.55,56.55
56.53,56.53
22.08,22.08
17.4,17.4
64.07,64.07
64,64
63.97,63.97
60.74,60.74
43.35,43.35
32.47,32.47
32.46,32.46
32.45,32.45
46.06,46.06
41.6,41.6
40.27,40.27
85.94,85.94
32.8,32.8
34.86,34.86
34.85,34.85
34.83,34.83
31.69,31.69
31.68,31.68
24.58,24.58
33.91,33.91
37.19,37.19
25.38,25.38
25.36,25.36
25.34,25.34
25.32,25.32
28.45,28.45
25.29,25.29
25.25,25.25
25.24,25.24
25.23,25.23
85.42,85.42
76.87,76.87
78.44,78.44
76.25,76.25
78.33,78.33
79.01,79.01
80.57,80.57
81.82,81.82
80.78,80.78
67.91,67.91
67.73,67.73
56.79,56.79
65.81,65.81
60.33,60.33
58.42,58.42
49.25,49.25
49.2,49.2
49.15,49.15
49.04,49.04
48.98,48.98
48.91,48.91
48.89,48.89
48.88,48.88
46.38,46.38
46.34,46.34
46.18,46.18
48.92,48.92
48.66,48.66
48.63,48.63
61.95,61.95
30.41,30.41
45.23,45.23
45.01,45.01
41.88,41.88
41.78,41.78
41.66,41.66
31.41,31.41
26.72,26.72
26.69,26.69
26.67,26.67
26.65,26.65
26.63,26.63
26.62,26.62
26.61,26.61
26.6,26.6
26.58,26.58
26.55,26.55
26.53,26.53
26.51,26.51
26.49,26.49
42.02,42.02
38.38,38.38
38.31,38.31
38.29,38.29
22.26,22.26
22.25,22.25
22.24,22.24
22.23,22.23
25.21,25.21
26.77,26.77
32.97,32.97
29.32,29.32
25.42,25.42
35.72,35.72
35.55,35.55
33.39,33.39
22.34,22.34
48.76,48.76
31.31,31.31
34.18,34.18
37.3,37.3
37.25,37.25
35.69,35.69
23.65,23.65
33.96,33.96
63.3,63.3
48.34,48.34
41.76,41.76
41.74,41.74
41.72,41.72
41.71,41.71
41.7,41.7
28.26,28.26
28.24,28.24
28.21,28.21
26.13,26.13
26.09,26.09
26.01,26.01
25.96,25.96
25.85,25.85
23.72,23.72
23.71,23.71
25.79,25.79
21.6,21.6
21.59,21.59
21.58,21.58
21.55,21.55
21.54,21.54
21.53,21.53
21.52,21.52
21.51,21.51
33.02,33.02
26.25,26.25
30.94,30.94
26.33,26.33
26.32,26.32
75.63,75.63
75.12,75.12
75.08,75.08
75.06,75.06
75.03,75.03
75.01,75.01
74.98,74.98
74.93,74.93
74.92,74.92
74.89,74.89
74.85,74.85
74.8,74.8
74.76,74.76
74.73,74.73
74.69,74.69
74.65,74.65
74.62,74.62
74.59,74.59
74.57,74.57
74.51,74.51
74.5,74.5
72.41,72.41
72.38,72.38
72.36,72.36
72.33,72.33
72.31,72.31
72.3,72.3
72.27,72.27
74.36,74.36
74.35,74.35
74.33,74.33
74.31,74.31
74.29,74.29
74.28,74.28
74.19,74.19
74.18,74.18
74.16,74.16
74.14,74.14
74.12,74.12
74.1,74.1
74.09,74.09
74.08,74.08
74.07,74.07
65.32,65.32
65.2,65.2
65.19,65.19
51.79,51.79
33.76,33.76
26.47,26.47
76.15,76.15
46.75,46.75
46.68,46.68
46.16,46.16
46.05,46.05
46.02,46.02
45.96,45.96
45.92,45.92
45.9,45.9
45.86,45.86
46.91,46.91
48.79,48.79
48.77,48.77
48.68,48.68
43.77,43.77
41.86,41.86
41.85,41.85
41.84,41.84
41.83,41.83
41.82,41.82
48.46,48.46
48.45,48.45
76.51,76.51
74.43,74.43
77.43,77.43
75.85,75.85
75.84,75.84
69.07,69.07
35.43,35.43
35.41,35.41
35.39,35.39
35.38,35.38
35.36,35.36
35.3,35.3
35.28,35.28
35.27,35.27
35.26,35.26
35.25,35.25
35.24,35.24
35.23,35.23
35.14,35.14
39.73,39.73
39.46,39.46
38.89,38.89
38.69,38.69
38.43,38.43
38.37,38.37
38.26,38.26
37.96,37.96
37.87,37.87
37.71,37.71
37.64,37.64
37.62,37.62
35.4,35.4
35.37,35.37
35.35,35.35
35.32,35.32
35.05,35.05
35.04,35.04
35.02,35.02
35.01,35.01
35,35
34.99,34.99
34.97,34.97
34.96,34.96
34.95,34.95
34.93,34.93
34.92,34.92
34.89,34.89
34.68,34.68
34.67,34.67
34.66,34.66
34.62,34.62
34.61,34.61
34.6,34.6
34.59,34.59
34.57,34.57
34.56,34.56
34.54,34.54
34.53,34.53
34.52,34.52
34.51,34.51
34.5,34.5
34.49,34.49
31.97,31.97
31.96,31.96
31.95,31.95
31.93,31.93
34.01,34.01
34,34
33.38,33.38
33.37,33.37
33.36,33.36
33.35,33.35
33.34,33.34
33.31,33.31
33.29,33.29
50.07,50.07
51.51,51.51
42.49,42.49
11.2,11.2
14.32,14.32
8.07,8.07
29.79,29.79
38.7,38.7
30.08,30.08
30.54,30.54
30.53,30.53
30.51,30.51
33.63,33.63
24.59,24.59
60.78,60.78
60.77,60.77
60.58,60.58
81.56,81.56
35.03,35.03
26.37,26.37
26.36,26.36
26.34,26.34
21.84,21.84
21.81,21.81
21.79,21.79
21.77,21.77
28.01,28.01
27.99,27.99
27.98,27.98
27.96,27.96
27.95,27.95
27.94,27.94
27.93,27.93
27.92,27.92
27.9,27.9
27.89,27.89
49.05,49.05
48.47,48.47
41.13,41.13
37.9,37.9
37.89,37.89
37.88,37.88
36.01,36.01
38.4,38.4
38.39,38.39
35.71,35.71
35.67,35.67
51.88,51.88
77.81,77.81
84.06,84.06
32.92,32.92
31.88,31.88
26.41,26.41
24.79,24.79
12.08,12.08
46.04,46.04
46.83,46.83
