StringencyIndex_Average,StringencyIndex_Average_ForDisplay
0,0
11.11,11.11
22.22,22.22
33.33,33.33
44.44,44.44
85.19,85.19
88.89,88.89
81.48,81.48
66.67,66.67
62.96,62.96
57.41,57.41
53.7,53.7
47.22,47.22
58.33,58.33
62.04,62.04
69.44,69.44
73.15,73.15
63.89,63.89
43.52,43.52
35.19,35.19
31.48,31.48
38.89,38.89
40.74,40.74
48.15,48.15
46.3,46.3
56.48,56.48
67.59,67.59
60.19,60.19
51.85,51.85
45.37,45.37
25.93,25.93
28.7,28.7
50.93,50.93
34.26,34.26
41.67,41.67
37.96,37.96
8.33,8.33
27.78,27.78
59.26,59.26
78.7,78.7
84.26,84.26
75,75
71.3,71.3
25,25
16.67,16.67
9.26,9.26
12.04,12.04
30.56,30.56
26.85,26.85
54.63,54.63
36.11,36.11
56.02,56.02
52.31,52.31
18.52,18.52
42.59,42.59
19.44,19.44
5.56,5.56
2.78,2.78
90.74,90.74
75.93,75.93
77.78,77.78
76.39,76.39
79.17,79.17
81.02,81.02
65.74,65.74
58.8,58.8
61.11,61.11
55.56,55.56
56.94,56.94
62.5,62.5
55.09,55.09
71.59,71.59
71.51,71.51
71.49,71.49
71.41,71.41
71.4,71.4
71.36,71.36
68.58,68.58
68.48,68.48
68.4,68.4
68.34,68.34
64.47,64.47
64.42,64.42
64.37,64.37
64.32,64.32
64.28,64.28
42.51,42.51
42.45,42.45
42.41,42.41
42.37,42.37
42.3,42.3
43.29,43.29
43.25,43.25
43.2,43.2
28.39,28.39
28.33,28.33
28.31,28.31
28.28,28.28
28.27,28.27
28.24,28.24
28.23,28.23
28.21,28.21
22.65,22.65
89.81,89.81
83.33,83.33
86.11,86.11
68.52,68.52
59.97,59.97
59.96,59.96
59.95,59.95
59.94,59.94
45.13,45.13
45.12,45.12
45.11,45.11
45.1,45.1
3.7,3.7
12.96,12.96
24.07,24.07
52.78,52.78
50,50
49.07,49.07
43.23,43.23
41.51,41.51
45.22,45.22
45.05,45.05
54.31,54.31
54.26,54.26
54.09,54.09
51.64,51.64
36.83,36.83
36.46,36.46
36.45,36.45
33.34,33.34
21.29,21.29
15.74,15.74
21.3,21.3
32.41,32.41
70.37,70.37
87.04,87.04
74.07,74.07
72.22,72.22
57.87,57.87
57.26,57.26
52.17,52.17
55.06,55.06
57.81,57.81
57.78,57.78
57.75,57.75
57.72,57.72
57.7,57.7
57.68,57.68
57.66,57.66
57.64,57.64
57.6,57.6
57.51,57.51
57.49,57.49
59.33,59.33
59.3,59.3
59.22,59.22
59.19,59.19
59.17,59.17
59.12,59.12
59.1,59.1
59.08,59.08
59.06,59.06
59.03,59.03
59.02,59.02
58.99,58.99
58.98,58.98
58.97,58.97
58.95,58.95
58.94,58.94
58.93,58.93
58.92,58.92
58.91,58.91
58.9,58.9
59.81,59.81
59.8,59.8
49.6,49.6
38.95,38.95
38.92,38.92
38.88,38.88
38.8,38.8
38.76,38.76
35.98,35.98
35.67,35.67
37,37
36.97,36.97
36.93,36.93
36.86,36.86
36.78,36.78
36.72,36.72
36.67,36.67
36.65,36.65
36.62,36.62
36.57,36.57
36.5,36.5
36.39,36.39
36.32,36.32
35.05,35.05
35.04,35.04
42.13,42.13
39.35,39.35
44.57,44.57
44.56,44.56
44.55,44.55
44.54,44.54
40.83,40.83
40.82,40.82
40.81,40.81
40.8,40.8
40.78,40.78
40.77,40.77
40.76,40.76
40.75,40.75
35.22,35.22
35.21,35.21
35.2,35.2
35.18,35.18
35.17,35.17
35.16,35.16
32.37,32.37
32.35,32.35
32.24,32.24
32.23,32.23
32.3,32.3
32.27,32.27
32.26,32.26
32.2,32.2
29.42,29.42
34.98,34.98
23.15,23.15
100,100
98.15,98.15
94.44,94.44
92.59,92.59
87.96,87.96
82.87,82.87
80.09,80.09
81.94,81.94
77.31,77.31
71.76,71.76
74.22,74.22
74.19,74.19
74.17,74.17
74.14,74.14
74.12,74.12
74.1,74.1
74.09,74.09
74.06,74.06
74.03,74.03
74.01,74.01
73.97,73.97
73.94,73.94
74.84,74.84
74.83,74.83
74.79,74.79
74.76,74.76
74.72,74.72
74.68,74.68
74.64,74.64
74.61,74.61
74.6,74.6
74.58,74.58
74.54,74.54
74.5,74.5
74.46,74.46
74.42,74.42
74.4,74.4
74.38,74.38
74.35,74.35
74.3,74.3
74.26,74.26
74.21,74.21
74.08,74.08
74.04,74.04
73.99,73.99
73.95,73.95
73.9,73.9
73.87,73.87
73.85,73.85
73.8,73.8
73.75,73.75
73.71,73.71
73.67,73.67
73.64,73.64
73.61,73.61
73.58,73.58
73.55,73.55
73.52,73.52
73.48,73.48
73.44,73.44
73.41,73.41
73.4,73.4
73.36,73.36
73.33,73.33
73.3,73.3
73.28,73.28
73.26,73.26
73.24,73.24
73.23,73.23
73.21,73.21
73.18,73.18
73.12,73.12
40.7,40.7
40.69,40.69
40.68,40.68
40.66,40.66
40.65,40.65
40.64,40.64
40.62,40.62
40.61,40.61
40.6,40.6
40.59,40.59
40.58,40.58
40.56,40.56
40.55,40.55
40.54,40.54
40.53,40.53
40.52,40.52
40.51,40.51
40.5,40.5
40.49,40.49
40.48,40.48
40.47,40.47
40.46,40.46
40.45,40.45
40.44,40.44
40.43,40.43
40.42,40.42
40.41,40.41
40.4,40.4
40.39,40.39
40.38,40.38
40.37,40.37
40.36,40.36
40.35,40.35
40.34,40.34
40.33,40.33
40.31,40.31
40.29,40.29
38.52,38.52
38.42,38.42
38.32,38.32
38.21,38.21
38.17,38.17
38.14,38.14
38.12,38.12
38.03,38.03
37.94,37.94
37.86,37.86
37.78,37.78
37.75,37.75
37.72,37.72
37.64,37.64
37.56,37.56
37.5,37.5
37.42,37.42
37.35,37.35
37.32,37.32
37.3,37.3
37.23,37.23
36.22,36.22
36.2,36.2
36.14,36.14
36.08,36.08
36.05,36.05
36.03,36.03
35.97,35.97
35.91,35.91
35.86,35.86
35.8,35.8
35.75,35.75
35.73,35.73
35.71,35.71
35.66,35.66
35.6,35.6
35.55,35.55
35.51,35.51
35.5,35.5
35.43,35.43
35.37,35.37
35.32,35.32
35.27,35.27
35.26,35.26
36,36
35.99,35.99
35.93,35.93
35.87,35.87
35.81,35.81
26.48,26.48
26.42,26.42
26.39,26.39
26.38,26.38
26.32,26.32
26.28,26.28
26.23,26.23
26.19,26.19
26.15,26.15
26.14,26.14
26.13,26.13
26.09,26.09
26.05,26.05
26.02,26.02
25.98,25.98
25.95,25.95
25.89,25.89
25.86,25.86
25.82,25.82
25.78,25.78
25.75,25.75
25.73,25.73
25.69,25.69
25.66,25.66
25.62,25.62
25.59,25.59
25.56,25.56
25.55,25.55
25.54,25.54
25.51,25.51
25.48,25.48
25.44,25.44
25.41,25.41
25.39,25.39
25.37,25.37
25.34,25.34
25.31,25.31
25.29,25.29
25.26,25.26
25.23,25.23
25.22,25.22
25.19,25.19
25.16,25.16
25.13,25.13
25.11,25.11
25.08,25.08
25.07,25.07
25.06,25.06
21.34,21.34
21.33,21.33
21.31,21.31
21.28,21.28
21.27,21.27
21.26,21.26
21.25,21.25
21.24,21.24
21.23,21.23
21.21,21.21
21.2,21.2
21.19,21.19
21.18,21.18
21.17,21.17
18.38,18.38
18.37,18.37
18.36,18.36
18.35,18.35
18.34,18.34
18.33,18.33
18.32,18.32
18.31,18.31
18.3,18.3
18.29,18.29
17.78,17.78
17.77,17.77
17.76,17.76
17.75,17.75
17.74,17.74
17.73,17.73
17.72,17.72
17.71,17.71
17.7,17.7
17.69,17.69
17.68,17.68
17.67,17.67
17.66,17.66
17.65,17.65
17.64,17.64
17.63,17.63
17.62,17.62
17.61,17.61
17.6,17.6
17.59,17.59
17.58,17.58
17.57,17.57
17.56,17.56
17.55,17.55
17.54,17.54
17.53,17.53
16.26,16.26
13.47,13.47
13.46,13.46
13.89,13.89
64.35,64.35
67.13,67.13
65.28,65.28
63.43,63.43
50.46,50.46
68.98,68.98
75.46,75.46
68.06,68.06
60.65,60.65
70.83,70.83
78.24,78.24
53.24,53.24
44.91,44.91
46.76,46.76
54.17,54.17
48.61,48.61
47.69,47.69
72.69,72.69
40.28,40.28
49.35,49.35
47.95,47.95
47.93,47.93
47.92,47.92
49.3,49.3
49.29,49.29
49.28,49.28
49.27,49.27
45.83,45.83
66.2,66.2
51.27,51.27
51.26,51.26
51.25,51.25
51.24,51.24
39.15,39.15
39.14,39.14
39.13,39.13
39.12,39.12
39.11,39.11
33.54,33.54
33.53,33.53
33.52,33.52
33.51,33.51
36.28,36.28
36.27,36.27
36.26,36.26
36.24,36.24
36.23,36.23
36.21,36.21
36.19,36.19
36.17,36.17
36.15,36.15
36.12,36.12
36.09,36.09
36.07,36.07
36.02,36.02
36.01,36.01
35.96,35.96
35.94,35.94
35.92,35.92
35.9,35.9
35.89,35.89
35.85,35.85
42.6,42.6
42.58,42.58
42.57,42.57
42.56,42.56
42.55,42.55
39.77,39.77
39.76,39.76
39.75,39.75
36.96,36.96
36.95,36.95
34.17,34.17
64.81,64.81
37.04,37.04
82.41,82.41
79.63,79.63
76.85,76.85
66.14,66.14
66.06,66.06
65.98,65.98
65.94,65.94
65.92,65.92
65.89,65.89
65.85,65.85
65.76,65.76
65.67,65.67
65.55,65.55
65.48,65.48
65.43,65.43
65.38,65.38
65.29,65.29
65.15,65.15
65.07,65.07
64.97,64.97
64.91,64.91
64.85,64.85
64.78,64.78
64.69,64.69
64.57,64.57
56.09,56.09
55.93,55.93
55.84,55.84
55.8,55.8
55.74,55.74
55.66,55.66
55.51,55.51
55.36,55.36
55.21,55.21
55.13,55.13
55.1,55.1
55.03,55.03
54.92,54.92
54.76,54.76
54.6,54.6
54.42,54.42
54.32,54.32
54.28,54.28
54.21,54.21
54.08,54.08
53.91,53.91
50.36,50.36
50.19,50.19
50.1,50.1
50.05,50.05
49.98,49.98
49.87,49.87
49.74,49.74
49.47,49.47
49.39,49.39
49.19,49.19
49.06,49.06
48.97,48.97
48.84,48.84
48.77,48.77
48.73,48.73
48.68,48.68
48.62,48.62
48.51,48.51
48.4,48.4
48.3,48.3
48.21,48.21
48.17,48.17
48.12,48.12
48.03,48.03
47.94,47.94
47.87,47.87
47.78,47.78
47.72,47.72
47.67,47.67
47.63,47.63
47.55,47.55
47.48,47.48
47.42,47.42
47.34,47.34
47.29,47.29
47.25,47.25
47.23,47.23
47.16,47.16
53.14,53.14
53.08,53.08
53.04,53.04
53,53
52.98,52.98
52.94,52.94
52.89,52.89
52.85,52.85
52.8,52.8
52.76,52.76
52.73,52.73
52.72,52.72
52.7,52.7
52.68,52.68
52.65,52.65
52.62,52.62
52.59,52.59
52.58,52.58
52.57,52.57
52.56,52.56
52.54,52.54
52.52,52.52
52.5,52.5
52.48,52.48
52.46,52.46
52.45,52.45
52.43,52.43
52.41,52.41
46.29,46.29
46.27,46.27
46.26,46.26
46.25,46.25
46.24,46.24
46.23,46.23
46.75,46.75
46.73,46.73
55.05,55.05
55.04,55.04
55.02,55.02
55,55
54.99,54.99
54.96,54.96
54.95,54.95
54.94,54.94
46.57,46.57
46.56,46.56
46.54,46.54
46.53,46.53
46.52,46.52
46.51,46.51
46.5,46.5
46.48,46.48
46.47,46.47
46.44,46.44
46.43,46.43
46.42,46.42
46.4,46.4
46.39,46.39
46.37,46.37
46.35,46.35
46.34,46.34
46.33,46.33
54.66,54.66
54.65,54.65
54.61,54.61
54.59,54.59
54.58,54.58
54.57,54.57
54.56,54.56
54.54,54.54
54.52,54.52
54.5,54.5
54.49,54.49
51.71,51.71
51.69,51.69
51.67,51.67
51.65,51.65
51.63,51.63
51.62,51.62
51.61,51.61
43.27,43.27
43.21,43.21
43.17,43.17
43.15,43.15
43.14,43.14
49.57,49.57
49.55,49.55
49.52,49.52
49.5,49.5
49.46,49.46
49.44,49.44
49.43,49.43
49.42,49.42
49.37,49.37
49.34,49.34
52.06,52.06
52.05,52.05
52.03,52.03
52,52
51.97,51.97
51.93,51.93
51.89,51.89
51.86,51.86
51.84,51.84
51.81,51.81
51.78,51.78
51.76,51.76
51.72,51.72
51.6,51.6
51.57,51.57
51.53,51.53
51.49,51.49
51.45,51.45
51.42,51.42
51.4,51.4
51.37,51.37
45.98,45.98
45.93,45.93
45.9,45.9
43.87,43.87
43.86,43.86
45.84,45.84
45.79,45.79
45.76,45.76
45.73,45.73
43.75,43.75
54.39,54.39
54.33,54.33
54.27,54.27
54.22,54.22
54.15,54.15
54.11,54.11
54.05,54.05
54,54
53.96,53.96
53.92,53.92
53.87,53.87
53.84,53.84
53.83,53.83
53.81,53.81
53.78,53.78
53.75,53.75
53.73,53.73
53.69,53.69
53.68,53.68
48.75,48.75
48.71,48.71
55.12,55.12
55.11,55.11
53.34,53.34
48.22,48.22
47.56,47.56
35.09,35.09
91.67,91.67
96.3,96.3
93.52,93.52
69.91,69.91
68.68,68.68
68.67,68.67
68.66,68.66
68.65,68.65
68.64,68.64
68.63,68.63
68.6,68.6
68.59,68.59
68.57,68.57
68.55,68.55
68.49,68.49
68.47,68.47
60.11,60.11
60.07,60.07
56.89,56.89
56.85,56.85
65.12,65.12
56.78,56.78
56.74,56.74
56.71,56.71
56.67,56.67
56.64,56.64
64.94,64.94
64.92,64.92
56.58,56.58
59.32,59.32
59.27,59.27
59.25,59.25
59.23,59.23
59.2,59.2
59.18,59.18
59.16,59.16
59.09,59.09
58.87,58.87
58.84,58.84
58.81,58.81
58.78,58.78
58.75,58.75
58.71,58.71
58.69,58.69
58.67,58.67
58.64,58.64
58.62,58.62
58.6,58.6
58.58,58.58
58.56,58.56
58.54,58.54
58.53,58.53
58.52,58.52
58.51,58.51
58.49,58.49
58.47,58.47
58.45,58.45
58.42,58.42
58.39,58.39
58.36,58.36
60.45,60.45
60.34,60.34
60.28,60.28
61.38,61.38
61.27,61.27
61.16,61.16
61.05,61.05
60.96,60.96
60.84,60.84
60.63,60.63
60.51,60.51
60.29,60.29
60.15,60.15
60.02,60.02
59.9,59.9
59.54,59.54
59.39,59.39
59.11,59.11
58.72,58.72
55.01,55.01
54.71,54.71
65.6,65.6
65.37,65.37
65.17,65.17
64.95,64.95
64.79,64.79
64.51,64.51
64.26,64.26
64.13,64.13
63.9,63.9
63.81,63.81
62.16,62.16
61.99,61.99
61.9,61.9
61.82,61.82
61.74,61.74
61.67,61.67
61.6,61.6
61.54,61.54
61.47,61.47
61.41,61.41
61.35,61.35
61.28,61.28
61.22,61.22
61.1,61.1
61,61
60.99,60.99
60.91,60.91
60.86,60.86
60.81,60.81
60.78,60.78
60.74,60.74
60.7,60.7
60.66,60.66
60.62,60.62
60.6,60.6
60.57,60.57
60.53,60.53
60.5,60.5
60.47,60.47
60.42,60.42
60.4,60.4
60.37,60.37
60.33,60.33
60.31,60.31
60.26,60.26
60.24,60.24
60.22,60.22
60.2,60.2
60.18,60.18
60.16,60.16
60.14,60.14
60.12,60.12
60.1,60.1
60.08,60.08
60.06,60.06
60.04,60.04
60.01,60.01
59.99,59.99
59.92,59.92
59.91,59.91
59.89,59.89
59.87,59.87
59.85,59.85
59.83,59.83
59.57,59.57
59.55,59.55
59.53,59.53
59.51,59.51
59.5,59.5
59.49,59.49
59.47,59.47
59.45,59.45
59.44,59.44
59.41,59.41
59.37,59.37
59.36,59.36
59.35,59.35
59.34,59.34
59.31,59.31
59.29,59.29
59.28,59.28
59.24,59.24
59.21,59.21
59.05,59.05
59.04,59.04
59.01,59.01
59,59
50.64,50.64
50.63,50.63
50.62,50.62
50.61,50.61
50.6,50.6
50.58,50.58
50.57,50.57
50.56,50.56
50.55,50.55
44.26,44.26
44.25,44.25
46.09,46.09
46.08,46.08
46.07,46.07
46.06,46.06
46.05,46.05
44.77,44.77
38.61,38.61
14.81,14.81
18.06,18.06
27.31,27.31
20.37,20.37
43.06,43.06
32.19,32.19
32.17,32.17
32.16,32.16
32.15,32.15
32.14,32.14
32.12,32.12
32.11,32.11
32.1,32.1
32.09,32.09
32.07,32.07
32.06,32.06
32.04,32.04
32.03,32.03
32.02,32.02
32.01,32.01
32,32
31.99,31.99
31.98,31.98
31.97,31.97
31.96,31.96
31.95,31.95
31.94,31.94
31.93,31.93
31.92,31.92
31.91,31.91
36.88,36.88
36.87,36.87
36.85,36.85
36.84,36.84
36.82,36.82
36.81,36.81
36.8,36.8
36.79,36.79
36.77,36.77
36.76,36.76
36.75,36.75
36.74,36.74
36.73,36.73
36.71,36.71
36.7,36.7
36.69,36.69
36.68,36.68
33.9,33.9
33.89,33.89
33.88,33.88
33.87,33.87
33.86,33.86
33.85,33.85
33.84,33.84
33.83,33.83
33.82,33.82
33.81,33.81
33.8,33.8
33.78,33.78
33.77,33.77
33.74,33.74
33.73,33.73
33.72,33.72
33.69,33.69
33.68,33.68
33.63,33.63
33.62,33.62
33.59,33.59
33.58,33.58
33.55,33.55
32.72,32.72
32.7,32.7
32.69,32.69
32.68,32.68
32.67,32.67
28.97,28.97
39.81,39.81
49.63,49.63
49.61,49.61
48.53,48.53
46.68,46.68
48.41,48.41
38.74,38.74
6.48,6.48
38.23,38.23
43.55,43.55
43.54,43.54
63.91,63.91
63.88,63.88
63.87,63.87
71.27,71.27
67.56,67.56
67.55,67.55
56.44,56.44
56.21,56.21
56.16,56.16
26.51,26.51
19.01,19.01
18.97,18.97
18.95,18.95
18.94,18.94
49.23,49.23
49.22,49.22
49.21,49.21
49.2,49.2
49.18,49.18
49.17,49.17
49.16,49.16
49.15,49.15
49.14,49.14
49.13,49.13
49.12,49.12
49.11,49.11
49.1,49.1
49.09,49.09
49.08,49.08
49.05,49.05
49.04,49.04
49.03,49.03
46.11,46.11
46.04,46.04
46.02,46.02
46.01,46.01
45.99,45.99
45.97,45.97
45.96,45.96
45.95,45.95
45.92,45.92
45.91,45.91
45.88,45.88
45.87,45.87
45.86,45.86
45.85,45.85
45.82,45.82
45.81,45.81
45.8,45.8
45.78,45.78
45.77,45.77
45.75,45.75
45.74,45.74
45.72,45.72
45.71,45.71
45.7,45.7
45.69,45.69
45.68,45.68
45.67,45.67
45.66,45.66
45.65,45.65
45.64,45.64
43.99,43.99
43.98,43.98
43.97,43.97
43.96,43.96
43.95,43.95
43.94,43.94
43.93,43.93
43.92,43.92
43.91,43.91
43.9,43.9
43.89,43.89
43.88,43.88
43.85,43.85
27.76,27.76
25.17,25.17
44.31,44.31
44.29,44.29
44.2,44.2
44.17,44.17
44.14,44.14
44.11,44.11
44.07,44.07
44.05,44.05
44.03,44.03
44.01,44.01
47.65,47.65
47.64,47.64
47.62,47.62
47.6,47.6
47.59,47.59
47.58,47.58
39.37,39.37
39.36,39.36
39.34,39.34
39.33,39.33
39.31,39.31
39.3,39.3
39.29,39.29
39.28,39.28
39.26,39.26
47.37,47.37
47.35,47.35
47.32,47.32
47.31,47.31
47.3,47.3
47.28,47.28
47.27,47.27
47.26,47.26
47.24,47.24
47.21,47.21
41.64,41.64
41.63,41.63
41.62,41.62
41.61,41.61
41.59,41.59
41.58,41.58
41.57,41.57
41.56,41.56
41.54,41.54
41.52,41.52
41.5,41.5
41.49,41.49
41.48,41.48
33.45,33.45
33.44,33.44
33.43,33.43
33.42,33.42
22.29,22.29
22.28,22.28
22.27,22.27
22.26,22.26
22.25,22.25
22.24,22.24
22.23,22.23
22.21,22.21
22.2,22.2
22.19,22.19
22.18,22.18
22.17,22.17
22.16,22.16
22.14,22.14
22.12,22.12
22.11,22.11
22.1,22.1
22.09,22.09
22.08,22.08
22.07,22.07
23.92,23.92
23.91,23.91
23.9,23.9
23.89,23.89
23.88,23.88
23.87,23.87
23.86,23.86
23.85,23.85
23.84,23.84
23.83,23.83
23.82,23.82
23.81,23.81
23.8,23.8
23.79,23.79
23.78,23.78
23.77,23.77
23.76,23.76
23.75,23.75
23.74,23.74
23.73,23.73
23.72,23.72
23.71,23.71
23.7,23.7
23.69,23.69
23.68,23.68
23.67,23.67
23.66,23.66
23.65,23.65
23.64,23.64
23.63,23.63
23.62,23.62
23.61,23.61
23.6,23.6
23.59,23.59
31.38,31.38
31.36,31.36
31.35,31.35
31.34,31.34
31.33,31.33
31.32,31.32
31.31,31.31
31.3,31.3
31.29,31.29
30.18,30.18
30.17,30.17
30.16,30.16
30.15,30.15
30.14,30.14
30.13,30.13
30.12,30.12
30.11,30.11
30.1,30.1
30.09,30.09
30.08,30.08
30.07,30.07
30.05,30.05
37.45,37.45
37.44,37.44
37.43,37.43
37.41,37.41
37.4,37.4
37.39,37.39
37.38,37.38
37.37,37.37
32.93,32.93
29.63,29.63
59.72,59.72
59.56,59.56
64.16,64.16
60.46,60.46
60.41,60.41
56.7,56.7
56.6,56.6
56.49,56.49
48.16,48.16
50.94,50.94
50.9,50.9
50.88,50.88
50.86,50.86
50.79,50.79
56.81,56.81
54.93,54.93
54.91,54.91
54.87,54.87
54.81,54.81
51.56,51.56
51.51,51.51
48.65,48.65
48.59,48.59
48.94,48.94
48.86,48.86
48.79,48.79
44.13,44.13
44.08,44.08
44.04,44.04
44,44
46.31,46.31
46.72,46.72
29.17,29.17
34.72,34.72
37.92,37.92
19.91,19.91
65.65,65.65
65.64,65.64
65.63,65.63
65.59,65.59
65.56,65.56
59.07,59.07
58.96,58.96
56.15,56.15
56.14,56.14
56.12,56.12
56.1,56.1
56.08,56.08
56.06,56.06
56.05,56.05
56.04,56.04
56.03,56.03
56.01,56.01
58.77,58.77
58.76,58.76
58.73,58.73
58.7,58.7
58.68,58.68
57.48,57.48
44.52,44.52
44.38,44.38
44.24,44.24
44.21,44.21
43.68,43.68
43.43,43.43
62,62
61.97,61.97
61.95,61.95
61.91,61.91
61.83,61.83
61.8,61.8
61.72,61.72
61.69,61.69
61.64,61.64
61.25,61.25
61.2,61.2
61.18,61.18
63.96,63.96
63.94,63.94
63.93,63.93
71.31,71.31
52.27,52.27
52.26,52.26
48.45,48.45
48.43,48.43
48.42,48.42
69.28,69.28
52.61,52.61
52.35,52.35
49.51,49.51
36.42,36.42
45.44,45.44
39.87,39.87
39.85,39.85
39.84,39.84
39.83,39.83
58.34,58.34
52.77,52.77
43.48,43.48
39.78,39.78
39.72,39.72
39.71,39.71
39.7,39.7
54.51,54.51
39.69,39.69
39.68,39.68
39.67,39.67
37.52,37.52
37.49,37.49
37.46,37.46
33.75,33.75
16.16,16.16
16.12,16.12
16.09,16.09
16.06,16.06
16.04,16.04
31.02,31.02
29.2,29.2
29.19,29.19
29.18,29.18
27.32,27.32
27.3,27.3
25.9,25.9
25.88,25.88
25.87,25.87
25.85,25.85
25.84,25.84
25.83,25.83
25.81,25.81
28.58,28.58
28.57,28.57
28.56,28.56
28.55,28.55
28.54,28.54
28.53,28.53
28.52,28.52
28.51,28.51
28.5,28.5
28.49,28.49
28.48,28.48
28.47,28.47
28.46,28.46
28.45,28.45
28.44,28.44
28.43,28.43
28.42,28.42
28.41,28.41
28.4,28.4
28.38,28.38
28.37,28.37
28.36,28.36
28.35,28.35
28.34,28.34
28.32,28.32
28.3,28.3
28.29,28.29
61.57,61.57
51.39,51.39
56.98,56.98
56.93,56.93
56.88,56.88
56.84,56.84
56.79,56.79
56.75,56.75
56.68,56.68
56.62,56.62
56.57,56.57
56.52,56.52
56.46,56.46
56.41,56.41
56.37,56.37
56.3,56.3
56.27,56.27
56.26,56.26
56.23,56.23
56.17,56.17
56.07,56.07
55.99,55.99
55.97,55.97
55.94,55.94
55.89,55.89
55.79,55.79
55.73,55.73
55.7,55.7
55.69,55.69
55.62,55.62
55.58,55.58
55.53,55.53
55.49,55.49
55.46,55.46
55.44,55.44
55.42,55.42
55.41,55.41
55.38,55.38
55.32,55.32
55.27,55.27
55.23,55.23
55.22,55.22
45.89,45.89
45.62,45.62
45.57,45.57
45.53,45.53
45.49,45.49
45.48,45.48
45.47,45.47
45.46,45.46
45.45,45.45
45.43,45.43
45.39,45.39
45.33,45.33
45.31,45.31
45.3,45.3
45.26,45.26
45.19,45.19
45.14,45.14
45.09,45.09
45.08,45.08
45.06,45.06
45.04,45.04
45,45
44.97,44.97
44.94,44.94
44.92,44.92
44.9,44.9
44.88,44.88
44.85,44.85
44.82,44.82
44.8,44.8
44.75,44.75
44.74,44.74
50.3,50.3
50.26,50.26
50.23,50.23
50.2,50.2
50.15,50.15
50.14,50.14
50.13,50.13
50.11,50.11
50.09,50.09
50.07,50.07
50.03,50.03
47.07,47.07
47.06,47.06
47.05,47.05
47.03,47.03
47.02,47.02
47.01,47.01
47,47
46.99,46.99
38.62,38.62
38.57,38.57
38.51,38.51
38.49,38.49
38.47,38.47
38.46,38.46
38.44,38.44
38.4,38.4
34.53,34.53
34.52,34.52
34.5,34.5
34.49,34.49
34.48,34.48
34.47,34.47
34.46,34.46
34.44,34.44
34.42,34.42
34.4,34.4
34.39,34.39
34.38,34.38
38.08,38.08
38.06,38.06
38.04,38.04
38,38
37.98,37.98
37.97,37.97
38.77,38.77
38.75,38.75
38.73,38.73
38.71,38.71
38.68,38.68
38.66,38.66
38.64,38.64
34.92,34.92
34.89,34.89
34.86,34.86
34.84,34.84
34.83,34.83
34.82,34.82
34.79,34.79
34.99,34.99
34.97,34.97
34.96,34.96
34.94,34.94
34.93,34.93
34.91,34.91
34.81,34.81
34.8,34.8
34.78,34.78
34.75,34.75
34.74,34.74
34.71,34.71
34.7,34.7
34.69,34.69
34.67,34.67
34.66,34.66
34.65,34.65
34.64,34.64
34.63,34.63
34.62,34.62
34.61,34.61
34.59,34.59
34.57,34.57
34.55,34.55
33.16,33.16
33.14,33.14
33.13,33.13
33.12,33.12
33.1,33.1
33.09,33.09
33.07,33.07
33.06,33.06
33.05,33.05
33.04,33.04
33.03,33.03
33.02,33.02
29.52,29.52
29.51,29.51
29.5,29.5
29.48,29.48
29.46,29.46
29.45,29.45
29.44,29.44
29.43,29.43
29.4,29.4
29.39,29.39
29.38,29.38
29.37,29.37
29.36,29.36
29.35,29.35
29.33,29.33
29.32,29.32
29.31,29.31
29.3,29.3
29.29,29.29
29.26,29.26
29.25,29.25
29.22,29.22
29.21,29.21
29.16,29.16
29.15,29.15
29.12,29.12
29.11,29.11
29.1,29.1
29.09,29.09
28.95,28.95
27.51,27.51
27.5,27.5
27.49,27.49
27.48,27.48
27.47,27.47
27.46,27.46
27.45,27.45
27.44,27.44
27.41,27.41
27.39,27.39
27.38,27.38
27.37,27.37
27.36,27.36
27.35,27.35
27.34,27.34
27.33,27.33
27.27,27.27
25.72,25.72
23.97,23.97
23.94,23.94
23.93,23.93
22.59,22.59
64.8,64.8
64.77,64.77
64.76,64.76
64.75,64.75
63.31,63.31
63.3,63.3
63.29,63.29
63.28,63.28
63.27,63.27
63.26,63.26
63.25,63.25
57.69,57.69
57.67,57.67
57.65,57.65
50.24,50.24
40.95,40.95
40.94,40.94
46.49,46.49
42.77,42.77
42.76,42.76
42.75,42.75
42.74,42.74
42.73,42.73
39.03,39.03
39.02,39.02
39.01,39.01
39,39
37.73,37.73
72.54,72.54
72.53,72.53
72.52,72.52
72.5,72.5
62.24,62.24
62.18,62.18
62.12,62.12
62.06,62.06
61.98,61.98
61.94,61.94
49.86,49.86
49.67,49.67
50.8,50.8
50.78,50.78
50.77,50.77
50.76,50.76
50.75,50.75
50.74,50.74
50.73,50.73
46.18,46.18
38.37,38.37
14.3,14.3
14.13,14.13
13.97,13.97
13.92,13.92
97.22,97.22
92.13,92.13
89.35,89.35
87.5,87.5
83.8,83.8
80.56,80.56
65.41,65.41
65.36,65.36
65.27,65.27
65.19,65.19
65.11,65.11
65.03,65.03
64.9,64.9
64.86,64.86
64.72,64.72
64.66,64.66
64.6,64.6
64.55,64.55
64.48,64.48
64.46,64.46
62.84,62.84
62.82,62.82
62.81,62.81
61.08,61.08
61.06,61.06
61.03,61.03
61.01,61.01
60.98,60.98
60.95,60.95
60.92,60.92
60.89,60.89
60.87,60.87
60.85,60.85
60.83,60.83
60.82,60.82
60.8,60.8
60.77,60.77
64.45,64.45
68.09,68.09
68.08,68.08
68.07,68.07
69.9,69.9
69.89,69.89
66.15,66.15
63.35,63.35
63.34,63.34
63.33,63.33
63.32,63.32
67,67
66.99,66.99
66.98,66.98
66.97,66.97
65.1,65.1
65.08,65.08
65.06,65.06
65.9,65.9
65.02,65.02
65,65
64.99,64.99
64.98,64.98
64.96,64.96
64.93,64.93
64.89,64.89
64.88,64.88
64.87,64.87
64.84,64.84
64.83,64.83
64.82,64.82
61.04,61.04
61.02,61.02
61.73,61.73
64.49,64.49
64.44,64.44
64.43,64.43
64.41,64.41
64.4,64.4
64.39,64.39
64.38,64.38
64.36,64.36
58.09,58.09
58.08,58.08
64.33,64.33
64.31,64.31
68.5,68.5
68.16,68.16
68.15,68.15
71.86,71.86
71.85,71.85
71.84,71.84
71.83,71.83
71.82,71.82
71.81,71.81
68.1,68.1
71.8,71.8
71.79,71.79
71.78,71.78
71.77,71.77
71.75,71.75
71.74,71.74
71.73,71.73
71.72,71.72
71.71,71.71
71.7,71.7
71.69,71.69
71.68,71.68
66.12,66.12
66.11,66.11
66.1,66.1
66.09,66.09
66.08,66.08
66.07,66.07
66.05,66.05
66.04,66.04
66.03,66.03
66.02,66.02
54.16,54.16
54.14,54.14
54.13,54.13
54.12,54.12
44.43,44.43
44.42,44.42
44.41,44.41
44.4,44.4
44.73,44.73
44.72,44.72
44.71,44.71
38.94,38.94
38.93,38.93
38.91,38.91
38.9,38.9
38.87,38.87
38.86,38.86
38.85,38.85
36.06,36.06
36.04,36.04
33.76,33.76
32.71,32.71
21.48,21.48
21.47,21.47
21.44,21.44
21.43,21.43
21.42,21.42
21.41,21.41
21.4,21.4
21.39,21.39
21.38,21.38
21.37,21.37
19.86,19.86
19.85,19.85
19.84,19.84
18.81,18.81
18.8,18.8
18.79,18.79
16.76,16.76
16.75,16.75
16.74,16.74
19.52,19.52
16.73,16.73
19.51,19.51
19.5,19.5
16.72,16.72
19.49,19.49
13.93,13.93
32.87,32.87
35.65,35.65
42.5,42.5
42.49,42.49
40.32,40.32
40.25,40.25
40.17,40.17
40.13,40.13
40.11,40.11
40.04,40.04
39.97,39.97
39.9,39.9
39.82,39.82
39.62,39.62
39.54,39.54
39.48,39.48
39.42,39.42
39.32,39.32
39.25,39.25
39.19,39.19
39.1,39.1
39.06,39.06
38.99,38.99
38.96,38.96
38.83,38.83
38.81,38.81
38.79,38.79
38.69,38.69
38.67,38.67
38.63,38.63
38.59,38.59
38.56,38.56
38.55,38.55
38.53,38.53
38.5,38.5
38.48,38.48
38.43,38.43
38.39,38.39
38.38,38.38
38.35,38.35
38.33,38.33
38.31,38.31
38.3,38.3
43.84,43.84
43.83,43.83
43.81,43.81
43.79,43.79
43.76,43.76
43.73,43.73
43.71,43.71
43.69,43.69
43.67,43.67
43.64,43.64
43.63,43.63
43.62,43.62
43.6,43.6
43.59,43.59
43.56,43.56
43.51,43.51
43.5,43.5
43.47,43.47
43.45,43.45
43.4,43.4
43.37,43.37
43.35,43.35
43.32,43.32
43.3,43.3
43.26,43.26
43.18,43.18
43.13,43.13
43.1,43.1
43.08,43.08
43.05,43.05
43.04,43.04
43.02,43.02
43,43
42.98,42.98
42.97,42.97
42.95,42.95
42.94,42.94
42.93,42.93
42.92,42.92
42.91,42.91
42.9,42.9
42.88,42.88
42.87,42.87
42.86,42.86
42.85,42.85
42.84,42.84
42.83,42.83
42.82,42.82
42.81,42.81
42.8,42.8
42.79,42.79
42.78,42.78
42.71,42.71
42.7,42.7
42.69,42.69
42.68,42.68
42.67,42.67
42.66,42.66
42.65,42.65
42.64,42.64
42.63,42.63
41.07,41.07
43.53,43.53
44.7,44.7
44.69,44.69
44.68,44.68
44.67,44.67
44.66,44.66
44.65,44.65
44.64,44.64
44.63,44.63
44.62,44.62
44.61,44.61
44.6,44.6
42.72,42.72
84.72,84.72
72.81,72.81
72.8,72.8
72.77,72.77
64.34,64.34
58.74,58.74
58.66,58.66
58.61,58.61
58.59,58.59
58.55,58.55
58.5,58.5
58.48,58.48
58.43,58.43
58.41,58.41
58.38,58.38
58.35,58.35
58.3,58.3
58.26,58.26
58.25,58.25
58.24,58.24
58.23,58.23
58.21,58.21
58.18,58.18
58.17,58.17
58.15,58.15
58.14,58.14
58.13,58.13
58.12,58.12
58.11,58.11
58.1,58.1
58.07,58.07
44.95,44.95
44.93,44.93
44.89,44.89
44.86,44.86
44.84,44.84
44.83,44.83
44.81,44.81
44.78,44.78
41.87,41.87
41.83,41.83
41.77,41.77
41.72,41.72
39.52,39.52
39.46,39.46
39.4,39.4
39.27,39.27
39.23,39.23
39.16,39.16
39.09,39.09
38.82,38.82
38.78,38.78
38.72,38.72
38.7,38.7
38.65,38.65
38.6,38.6
30.01,30.01
29.98,29.98
29.94,29.94
29.91,29.91
29.88,29.88
29.86,29.86
29.83,29.83
29.81,29.81
29.78,29.78
29.76,29.76
29.75,29.75
29.73,29.73
29.71,29.71
29.69,29.69
29.67,29.67
29.66,29.66
29.64,29.64
29.62,29.62
29.6,29.6
29.58,29.58
29.56,29.56
29.54,29.54
29.49,29.49
29.47,29.47
29.41,29.41
29.28,29.28
29.27,29.27
29.24,29.24
29.23,29.23
28.89,28.89
28.88,28.88
28.87,28.87
28.86,28.86
28.85,28.85
28.84,28.84
28.83,28.83
28.82,28.82
28.81,28.81
28.8,28.8
28.79,28.79
28.78,28.78
28.77,28.77
28.76,28.76
28.75,28.75
25.7,25.7
25.68,25.68
25.67,25.67
25.65,25.65
27.2,27.2
27.19,27.19
27.18,27.18
27.17,27.17
27.16,27.16
27.15,27.15
27.14,27.14
27.13,27.13
27.12,27.12
27.11,27.11
27.1,27.1
27.09,27.09
27.08,27.08
27.07,27.07
27.06,27.06
27.05,27.05
27.04,27.04
27.03,27.03
27.02,27.02
27.01,27.01
27,27
26.99,26.99
26.98,26.98
26.97,26.97
26.96,26.96
26.95,26.95
26.94,26.94
26.93,26.93
26.92,26.92
26.91,26.91
26.9,26.9
26.89,26.89
26.88,26.88
26.87,26.87
26.86,26.86
26.84,26.84
26.83,26.83
26.7,26.7
16.81,16.81
31.44,31.44
31.45,31.45
31.43,31.43
24.83,24.83
24.8,24.8
24.79,24.79
43.34,43.34
45.03,45.03
57.22,57.22
21.13,21.13
35.76,35.76
35.33,35.33
51.43,51.43
51.41,51.41
51.38,51.38
51.36,51.36
51.34,51.34
51.33,51.33
51.3,51.3
51.28,51.28
51.22,51.22
46.71,46.71
46.64,46.64
46.55,46.55
46.46,46.46
46.41,46.41
46.38,46.38
46.32,46.32
46.21,46.21
46.16,46.16
50.18,50.18
49.96,49.96
49.9,49.9
49.45,49.45
49.41,49.41
49.4,49.4
49,49
48.98,48.98
48.92,48.92
48.85,48.85
48.6,48.6
48.54,48.54
48.47,48.47
48.35,48.35
48.28,48.28
48.23,48.23
48.18,48.18
48.07,48.07
48.02,48.02
47.97,47.97
47.91,47.91
47.86,47.86
47.73,47.73
47.61,47.61
47.57,47.57
47.53,47.53
47.5,47.5
47.46,47.46
47.43,47.43
47.41,47.41
47.38,47.38
47.2,47.2
47.17,47.17
47.15,47.15
44.47,44.47
39.61,39.61
39.49,39.49
39.45,39.45
41.9,41.9
41.88,41.88
41.85,41.85
41.84,41.84
41.82,41.82
41.81,41.81
41.8,41.8
41.79,41.79
41.78,41.78
41.75,41.75
41.74,41.74
41.73,41.73
36.1,36.1
22.03,22.03
24.82,24.82
57.37,57.37
57.27,57.27
57.1,57.1
47.49,47.49
51.06,51.06
50.97,50.97
50.89,50.89
50.84,50.84
48.9,48.9
48.82,48.82
52.28,52.28
51.92,51.92
45.63,45.63
45.56,45.56
45.38,45.38
45.27,45.27
50.82,50.82
50.71,50.71
43.31,43.31
43.28,43.28
43.24,43.24
40.27,40.27
40.22,40.22
40.19,40.19
27.98,27.98
27.97,27.97
27.96,27.96
27.95,27.95
27.94,27.94
27.93,27.93
27.92,27.92
22.37,22.37
22.36,22.36
22.35,22.35
22.34,22.34
22.33,22.33
22.32,22.32
22.31,22.31
22.3,22.3
60.27,60.27
52.81,52.81
52.64,52.64
52.49,52.49
52.39,52.39
52.3,52.3
52.2,52.2
49.01,49.01
48.69,48.69
48.37,48.37
48.2,48.2
48.1,48.1
47.98,47.98
47.89,47.89
47.84,47.84
47.8,47.8
48.88,48.88
48.74,48.74
54.25,54.25
54.2,54.2
53.97,53.97
53.9,53.9
53.86,53.86
53.79,53.79
53.72,53.72
53.65,53.65
53.59,53.59
53.53,53.53
53.49,53.49
53.42,53.42
53.37,53.37
53.3,53.3
53.26,53.26
53.18,53.18
52.99,52.99
52.9,52.9
47.19,47.19
47.14,47.14
47.12,47.12
47.04,47.04
46.98,46.98
46.89,46.89
46.87,46.87
46.86,46.86
46.77,46.77
46.74,46.74
46.7,46.7
46.66,46.66
46.6,46.6
46.59,46.59
46.58,46.58
46.45,46.45
46.36,46.36
46.28,46.28
48.09,48.09
48.05,48.05
48.01,48.01
47.96,47.96
47.75,47.75
53.63,53.63
49.85,49.85
49.8,49.8
49.79,49.79
49.76,49.76
46.96,46.96
46.95,46.95
46.91,46.91
46.67,46.67
46.65,46.65
46.62,46.62
45.54,45.54
45.52,45.52
45.5,45.5
45.41,45.41
45.35,45.35
45.32,45.32
36.98,36.98
35.08,35.08
35.06,35.06
35.03,35.03
35.02,35.02
35,35
43.12,43.12
43.11,43.11
43.09,43.09
42.54,42.54
42.52,42.52
42.48,42.48
42.47,42.47
42.46,42.46
42.44,42.44
42.43,42.43
42.42,42.42
42.4,42.4
42.38,42.38
42.35,42.35
42.33,42.33
42.32,42.32
42.31,42.31
42.28,42.28
42.27,42.27
42.26,42.26
42.24,42.24
42.22,42.22
42.19,42.19
42.16,42.16
45.42,45.42
45.4,45.4
39.73,39.73
39.66,39.66
39.64,39.64
39.63,39.63
39.6,39.6
39.59,39.59
39.58,39.58
37.82,37.82
37.81,37.81
37.79,37.79
37.77,37.77
37.76,37.76
37.74,37.74
37.71,37.71
37.7,37.7
37.69,37.69
37.68,37.68
37.67,37.67
37.66,37.66
37.65,37.65
37.48,37.48
37.47,37.47
36.16,36.16
18.55,18.55
49.54,49.54
44.51,44.51
43.74,43.74
43.7,43.7
43.65,43.65
43.49,43.49
43.46,43.46
43.42,43.42
43.33,43.33
37.63,37.63
37.58,37.58
37.53,37.53
36.66,36.66
36.59,36.59
35.57,35.57
35.56,35.56
35.53,35.53
35.46,35.46
35.44,35.44
29.89,29.89
29.87,29.87
29.85,29.85
29.82,29.82
29.79,29.79
29.77,29.77
29.7,29.7
29.68,29.68
29.65,29.65
29.59,29.59
31.41,31.41
31.4,31.4
31.28,31.28
31.25,31.25
48.32,48.32
48.25,48.25
48.24,48.24
48.13,48.13
48.11,48.11
48.08,48.08
48,48
47.99,47.99
47.9,47.9
47.85,47.85
47.81,47.81
47.77,47.77
47.7,47.7
47.68,47.68
47.51,47.51
47.47,47.47
47.45,47.45
47.39,47.39
47.33,47.33
47.11,47.11
47.09,47.09
43.39,43.39
43.38,43.38
43.36,43.36
36.55,36.55
36.54,36.54
36.53,36.53
63.99,63.99
67.7,67.7
67.69,67.69
73.17,73.17
73.13,73.13
73.11,73.11
73.09,73.09
73.06,73.06
73.05,73.05
65.62,65.62
65.61,65.61
65.58,65.58
65.57,65.57
59.46,59.46
59.43,59.43
64.7,64.7
64.62,64.62
61.76,61.76
61.71,61.71
61.63,61.63
61.59,61.59
61.55,61.55
61.52,61.52
61.44,61.44
61.42,61.42
61.37,61.37
61.32,61.32
61.29,61.29
53.82,53.82
53.8,53.8
53.76,53.76
53.74,53.74
53.62,53.62
53.6,53.6
53.56,53.56
53.54,53.54
53.5,53.5
53.47,53.47
53.43,53.43
53.39,53.39
53.36,53.36
53.33,53.33
53.32,53.32
53.23,53.23
53.19,53.19
53.16,53.16
47.52,47.52
47.36,47.36
47.18,47.18
47.13,47.13
46.94,46.94
44.09,44.09
43.8,43.8
43.19,43.19
42.96,42.96
39.22,39.22
38.97,38.97
38.26,38.26
38.2,38.2
38.16,38.16
38.11,38.11
38.05,38.05
38.02,38.02
38.01,38.01
37.99,37.99
37.95,37.95
28.65,28.65
28.63,28.63
28.62,28.62
28.61,28.61
28.6,28.6
31.9,31.9
31.89,31.89
31.87,31.87
31.86,31.86
31.85,31.85
31.84,31.84
31.83,31.83
31.81,31.81
31.8,31.8
31.78,31.78
31.77,31.77
31.75,31.75
31.74,31.74
31.72,31.72
31.71,31.71
31.69,31.69
31.68,31.68
31.66,31.66
31.64,31.64
31.62,31.62
31.6,31.6
31.59,31.59
31.57,31.57
31.52,31.52
31.49,31.49
30.6,30.6
30.57,30.57
30.53,30.53
30.5,30.5
30.47,30.47
30.44,30.44
30.4,30.4
30.37,30.37
30.35,30.35
30.32,30.32
34.01,34.01
33.98,33.98
33.97,33.97
33.95,33.95
33.94,33.94
33.93,33.93
33.92,33.92
14.43,14.43
14.42,14.42
11.64,11.64
86.57,86.57
51.16,51.16
51.02,51.02
53.57,53.57
49.88,49.88
7.41,7.41
61.96,61.96
61.92,61.92
61.89,61.89
61.88,61.88
61.87,61.87
61.85,61.85
61.84,61.84
62.09,62.09
62.02,62.02
62.01,62.01
59.15,59.15
59.13,59.13
43.44,43.44
43.41,43.41
34.95,34.95
34.87,34.87
34.73,34.73
34.68,34.68
34.6,34.6
34.56,34.56
34.54,34.54
28.2,28.2
28.18,28.18
28.17,28.17
28.16,28.16
26.3,26.3
26.29,26.29
26.27,26.27
26.26,26.26
26.25,26.25
26.24,26.24
26.22,26.22
26.18,26.18
25.99,25.99
25.97,25.97
25.91,25.91
25.79,25.79
25.77,25.77
25.76,25.76
25.71,25.71
25.64,25.64
25.63,25.63
25.6,25.6
25.58,25.58
25.57,25.57
25.53,25.53
25.52,25.52
25.5,25.5
25.49,25.49
25.47,25.47
25.46,25.46
25.45,25.45
25.43,25.43
25.36,25.36
25.35,25.35
25.33,25.33
25.32,25.32
25.3,25.3
25.28,25.28
25.27,25.27
25.25,25.25
25.24,25.24
41.2,41.2
48.55,48.55
48.52,48.52
48.5,48.5
48.49,48.49
48.48,48.48
48.46,48.46
48.44,48.44
39.74,39.74
38.58,38.58
38.54,38.54
38.45,38.45
38.41,38.41
35.61,35.61
35.45,35.45
35.42,35.42
35.39,35.39
35.36,35.36
34.51,34.51
27.59,27.59
27.58,27.58
41.66,41.66
41.65,41.65
39.79,39.79
38.84,38.84
60.97,60.97
60.94,60.94
60.93,60.93
60.9,60.9
60.88,60.88
58.06,58.06
58.05,58.05
58.04,58.04
46.93,46.93
46.92,46.92
46.9,46.9
46.88,46.88
45.01,45.01
44.99,44.99
44.96,44.96
41.26,41.26
41.25,41.25
41.24,41.24
41.22,41.22
41.19,41.19
41.18,41.18
41.17,41.17
41.15,41.15
41.13,41.13
41.12,41.12
41.11,41.11
41.1,41.1
41.09,41.09
41.06,41.06
41.05,41.05
41.04,41.04
41.02,41.02
41,41
40.98,40.98
38.18,38.18
38.15,38.15
34.41,34.41
34.37,34.37
34.36,34.36
34.35,34.35
34.34,34.34
34.33,34.33
31.55,31.55
31.54,31.54
31.53,31.53
31.51,31.51
31.47,31.47
31.46,31.46
22.15,22.15
22.13,22.13
22.06,22.06
22.05,22.05
22.04,22.04
22.02,22.02
22.01,22.01
22,22
21.99,21.99
21.98,21.98
21.97,21.97
21.96,21.96
21.95,21.95
21.94,21.94
21.93,21.93
21.92,21.92
21.91,21.91
21.9,21.9
21.89,21.89
21.88,21.88
21.87,21.87
21.86,21.86
21.85,21.85
21.84,21.84
27.29,27.29
27.28,27.28
27.26,27.26
27.25,27.25
27.24,27.24
27.23,27.23
27.22,27.22
27.21,27.21
30.86,30.86
30.85,30.85
30.84,30.84
30.83,30.83
30.82,30.82
32.4,32.4
32.39,32.39
32.38,32.38
32.36,32.36
38.1,38.1
37.9,37.9
37.89,37.89
37.85,37.85
37.83,37.83
37.8,37.8
37.62,37.62
37.61,37.61
37.6,37.6
37.57,37.57
37.55,37.55
37.54,37.54
45.61,45.61
45.6,45.6
45.59,45.59
45.58,45.58
45.55,45.55
45.51,45.51
30.66,30.66
38.98,38.98
30.65,30.65
14.9,14.9
30.61,30.61
33.37,33.37
33.36,33.36
30.58,30.58
34.77,34.77
34.76,34.76
36.51,36.51
89.05,89.05
88.9,88.9
88.77,88.77
88.68,88.68
88.58,88.58
88.51,88.51
88.49,88.49
88.45,88.45
88.43,88.43
88.41,88.41
89.44,89.44
89.41,89.41
89.3,89.3
86.52,86.52
86.49,86.49
77.29,77.29
77.27,77.27
69.96,69.96
69.95,69.95
66.22,66.22
66.19,66.19
39.55,39.55
39.5,39.5
39.47,39.47
32.53,32.53
32.46,32.46
32.42,32.42
33.28,33.28
33.19,33.19
33.15,33.15
33.01,33.01
33,33
32.99,32.99
32.98,32.98
35.74,35.74
35.7,35.7
35.69,35.69
35.68,35.68
35.63,35.63
54.07,54.07
54.06,54.06
54.04,54.04
54.03,54.03
54.02,54.02
53.99,53.99
53.95,53.95
53.94,53.94
44.87,44.87
42.89,42.89
41.69,41.69
41.68,41.68
41.6,41.6
37.25,37.25
37.15,37.15
37.09,37.09
37.07,37.07
36.92,36.92
36.61,36.61
36.38,36.38
36.34,36.34
36.33,36.33
45.25,45.25
44.53,44.53
44.32,44.32
44.79,44.79
44.59,44.59
44.45,44.45
43.07,43.07
43.01,43.01
42.62,42.62
42.61,42.61
42.39,42.39
42.18,42.18
42.12,42.12
42.08,42.08
42.02,42.02
41.98,41.98
41.97,41.97
41.94,41.94
41.86,41.86
41.71,41.71
41.55,41.55
41.46,41.46
41.44,41.44
41.41,41.41
41.39,41.39
41.38,41.38
41.35,41.35
41.32,41.32
41.3,41.3
41.23,41.23
41.21,41.21
41.14,41.14
41.08,41.08
40.99,40.99
40.96,40.96
40.91,40.91
40.89,40.89
40.86,40.86
40.72,40.72
40.67,40.67
42.34,42.34
42.17,42.17
44.48,44.48
44.35,44.35
44.28,44.28
44.23,44.23
44.22,44.22
44.16,44.16
43.77,43.77
48.33,48.33
48.29,48.29
48.14,48.14
48.06,48.06
47.82,47.82
44.46,44.46
44.39,44.39
44.37,44.37
30.03,30.03
30,30
29.97,29.97
29.96,29.96
29.95,29.95
29.93,29.93
29.84,29.84
29.8,29.8
18.83,18.83
18.82,18.82
11.75,11.75
46.19,46.19
51.88,51.88
51.58,51.58
48.26,48.26
55.19,55.19
43.66,43.66
43.61,43.61
43.58,43.58
43.57,43.57
41.29,41.29
44.06,44.06
42.1,42.1
40.24,40.24
40.23,40.23
40.21,40.21
40.2,40.2
40.18,40.18
38.19,38.19
29.06,29.06
29.05,29.05
44.98,44.98
44.58,44.58
44.5,44.5
44.36,44.36
51.46,51.46
51.12,51.12
51.07,51.07
49.83,49.83
49.75,49.75
46.1,46.1
34.12,34.12
34.05,34.05
34.03,34.03
65.21,65.21
65.2,65.2
65.18,65.18
59.52,59.52
67.58,67.58
67.54,67.54
67.49,67.49
67.45,67.45
67.41,67.41
67.35,67.35
67.31,67.31
67.27,67.27
67.23,67.23
67.2,67.2
67.15,67.15
67.12,67.12
67.09,67.09
67.07,67.07
67.04,67.04
67.01,67.01
66.95,66.95
72.49,72.49
72.46,72.46
72.44,72.44
72.42,72.42
72.41,72.41
72.39,72.39
72.37,72.37
72.35,72.35
72.34,72.34
72.32,72.32
72.31,72.31
72.29,72.29
74.13,74.13
74.05,74.05
74.02,74.02
74,74
73.98,73.98
73.96,73.96
73.92,73.92
73.91,73.91
73.89,73.89
71.48,71.48
71.47,71.47
71.46,71.46
71.45,71.45
71.44,71.44
71.43,71.43
71.42,71.42
71.39,71.39
71.38,71.38
71.37,71.37
71.35,71.35
71.34,71.34
71.33,71.33
71.32,71.32
71.29,71.29
71.28,71.28
71.26,71.26
71.25,71.25
73.25,73.25
73.22,73.22
73.2,73.2
73.19,73.19
73.16,73.16
73.1,73.1
73.07,73.07
73.04,73.04
73.03,73.03
73.01,73.01
73,73
72.99,72.99
72.97,72.97
72.94,72.94
71.53,71.53
71.52,71.52
71.5,71.5
71.24,71.24
71.23,71.23
71.22,71.22
71.21,71.21
71.2,71.2
71.19,71.19
65.54,65.54
62.76,62.76
54.41,54.41
54.4,54.4
54.38,54.38
54.37,54.37
54.36,54.36
54.35,54.35
54.34,54.34
46.84,46.84
40.9,40.9
38.36,38.36
38.29,38.29
38.28,38.28
35.48,35.48
35.47,35.47
32.82,32.82
32.78,32.78
32.75,32.75
36.44,36.44
36.36,36.36
36.3,36.3
36.29,36.29
33.23,33.23
33.18,33.18
33.17,33.17
27.62,27.62
27.67,27.67
27.66,27.66
27.65,27.65
16.54,16.54
60.23,60.23
50.01,50.01
49.99,49.99
49.95,49.95
49.94,49.94
49.92,49.92
49.91,49.91
49.89,49.89
49.84,49.84
58.89,58.89
53.93,53.93
53.89,53.89
69.09,69.09
68.97,68.97
68.93,68.93
68.91,68.91
68.87,68.87
71.65,71.65
71.56,71.56
70.87,70.87
70.81,70.81
70.75,70.75
70.72,70.72
70.62,70.62
70.59,70.59
72.98,72.98
72.9,72.9
72.83,72.83
72.79,72.79
72.74,72.74
72.7,72.7
72.6,72.6
72.56,72.56
72.48,72.48
72.33,72.33
72.3,72.3
72.27,72.27
72.18,72.18
72.09,72.09
72.04,72.04
72.02,72.02
71.98,71.98
71.95,71.95
71.91,71.91
71.88,71.88
71.63,71.63
62.27,62.27
69.33,69.33
69.1,69.1
69,69
68.86,68.86
68.82,68.82
68.76,68.76
63.07,63.07
63.05,63.05
62.99,62.99
62.94,62.94
62.9,62.9
62.88,62.88
62.86,62.86
62.77,62.77
62.74,62.74
62.72,62.72
20.4,20.4
20.38,20.38
25.92,25.92
24.89,24.89
24.88,24.88
57.91,57.91
57.9,57.9
54.19,54.19
54.18,54.18
50.45,50.45
47.1,47.1
47.08,47.08
48.89,48.89
48.87,48.87
48.83,48.83
48.81,48.81
65.87,65.87
65.83,65.83
65.79,65.79
65.14,65.14
53.67,53.67
52.29,52.29
52.24,52.24
31,31
30.78,30.78
30.49,30.49
30.46,30.46
30.45,30.45
30.41,30.41
30.39,30.39
30.36,30.36
30.33,30.33
26.63,26.63
26.61,26.61
26.6,26.6
26.58,26.58
26.57,26.57
35.15,35.15
34.9,34.9
34.29,34.29
34.28,34.28
34.27,34.27
34.25,34.25
34.24,34.24
34.22,34.22
30.51,30.51
31.88,31.88
31.82,31.82
31.73,31.73
31.7,31.7
31.67,31.67
31.65,31.65
31.63,31.63
31.61,31.61
31.58,31.58
38.34,38.34
35.54,35.54
35.52,35.52
35.49,35.49
32.65,32.65
32.64,32.64
32.63,32.63
32.62,32.62
32.61,32.61
32.6,32.6
32.59,32.59
32.58,32.58
32.57,32.57
32.56,32.56
32.55,32.55
32.54,32.54
38.09,38.09
38.07,38.07
35.35,35.35
33.27,33.27
33.26,33.26
33.24,33.24
33.21,33.21
33.2,33.2
26.35,26.35
26.34,26.34
30.93,30.93
22.58,22.58
22.57,22.57
22.56,22.56
22.55,22.55
22.54,22.54
22.53,22.53
22.52,22.52
30.95,30.95
30.91,30.91
30.9,30.9
30.88,30.88
28.08,28.08
28.05,28.05
28.03,28.03
28.02,28.02
28.01,28.01
27.99,27.99
29.07,29.07
29.04,29.04
29.01,29.01
28.98,28.98
28.9,28.9
28.73,28.73
28.72,28.72
28.69,28.69
28.68,28.68
28.67,28.67
28.66,28.66
28.59,28.59
71.62,71.62
71.61,71.61
71.6,71.6
71.58,71.58
71.57,71.57
71.55,71.55
71.54,71.54
73.66,73.66
73.65,73.65
73.63,73.63
68.04,68.04
68.03,68.03
68.02,68.02
68.01,68.01
68,68
67.99,67.99
67.98,67.98
67.96,67.96
67.95,67.95
67.94,67.94
67.93,67.93
67.92,67.92
67.91,67.91
66,66
65.97,65.97
59.4,59.4
59.38,59.38
59.14,59.14
61.75,61.75
61.65,61.65
61.61,61.61
61.53,61.53
61.5,61.5
61.48,61.48
61.45,61.45
61.43,61.43
64.19,64.19
64.18,64.18
64.15,64.15
64.14,64.14
64.12,64.12
64.11,64.11
64.09,64.09
64.08,64.08
64.06,64.06
64.05,64.05
64.04,64.04
64.03,64.03
64.01,64.01
64,64
66.76,66.76
66.75,66.75
66.73,66.73
66.72,66.72
66.7,66.7
66.69,66.69
66.68,66.68
66.65,66.65
67.81,67.81
67.8,67.8
67.79,67.79
67.78,67.78
67.77,67.77
67.76,67.76
67.75,67.75
66.5,66.5
66.49,66.49
66.48,66.48
66.46,66.46
66.45,66.45
66.43,66.43
66.42,66.42
66.41,66.41
66.4,66.4
66.39,66.39
66.37,66.37
66.36,66.36
66.35,66.35
66.34,66.34
66.32,66.32
66.31,66.31
66.29,66.29
66.27,66.27
66.26,66.26
66.24,66.24
66.23,66.23
66.21,66.21
66.18,66.18
66.16,66.16
66.01,66.01
62.28,62.28
56.72,56.72
56.69,56.69
56.66,56.66
56.65,56.65
53.85,53.85
52.18,52.18
52.16,52.16
52.14,52.14
52.13,52.13
52.12,52.12
52.11,52.11
52.1,52.1
52.08,52.08
52.07,52.07
52.04,52.04
52.02,52.02
45.07,45.07
45.02,45.02
43.82,43.82
43.78,43.78
34.13,34.13
34.11,34.11
24.18,24.18
24.16,24.16
24.14,24.14
27.84,27.84
29.92,29.92
29.9,29.9
10.19,10.19
85.65,85.65
69.64,69.64
69.62,69.62
69.61,69.61
69.6,69.6
69.58,69.58
69.57,69.57
69.56,69.56
69.55,69.55
69.54,69.54
69.51,69.51
69.5,69.5
69.46,69.46
69.41,69.41
69.4,69.4
69.38,69.38
69.34,69.34
69.32,69.32
69.3,69.3
69.29,69.29
69.27,69.27
69.26,69.26
69.23,69.23
63.64,63.64
63.61,63.61
63.6,63.6
63.57,63.57
63.55,63.55
63.51,63.51
63.5,63.5
63.47,63.47
63.4,63.4
63.23,63.23
63.21,63.21
63.16,63.16
63.12,63.12
63.1,63.1
63.08,63.08
63.03,63.03
63.01,63.01
62.98,62.98
62.95,62.95
62.92,62.92
62.89,62.89
62.79,62.79
62.73,62.73
62.7,62.7
62.66,62.66
62.64,62.64
59.79,59.79
59.78,59.78
59.77,59.77
59.75,59.75
59.73,59.73
59.69,59.69
59.64,59.64
59.62,59.62
59.58,59.58
53.64,53.64
53.61,53.61
47.79,47.79
49.82,49.82
49.78,49.78
49.73,49.73
49.48,49.48
57.58,57.58
57.54,57.54
57.44,57.44
56.2,56.2
58.65,58.65
58.37,58.37
58.29,58.29
57.92,57.92
57.88,57.88
57.84,57.84
56.34,56.34
56.13,56.13
55.88,55.88
55.85,55.85
55.77,55.77
55.6,55.6
55.59,55.59
55.55,55.55
55.47,55.47
73.35,73.35
73.34,73.34
68.69,68.69
68.56,68.56
68.51,68.51
68.46,68.46
68.45,68.45
68.42,68.42
68.39,68.39
76.34,76.34
78.05,78.05
78.01,78.01
77.98,77.98
76.15,76.15
76.11,76.11
76.09,76.09
77.87,77.87
77.84,77.84
77.81,77.81
75.92,75.92
73.93,73.93
75.75,75.75
75.74,75.74
73.82,73.82
69.21,69.21
69.17,69.17
69.11,69.11
69.06,69.06
66.28,66.28
64.52,64.52
64.5,64.5
55.07,55.07
54.98,54.98
54.97,54.97
40.26,40.26
40.15,40.15
40.14,40.14
40.12,40.12
40.1,40.1
40.09,40.09
40.07,40.07
40.06,40.06
40.03,40.03
40.02,40.02
40,40
39.99,39.99
39.95,39.95
39.93,39.93
39.92,39.92
39.89,39.89
39.86,39.86
39.8,39.8
43.22,43.22
42.23,42.23
42.21,42.21
42.2,42.2
42.15,42.15
42.14,42.14
42.11,42.11
41.53,41.53
37.29,37.29
37.28,37.28
37.27,37.27
18.78,18.78
62.83,62.83
57.2,57.2
53.98,53.98
64.25,64.25
45.24,45.24
45.23,45.23
41.47,41.47
41.45,41.45
41.43,41.43
41.42,41.42
41.4,41.4
57.99,57.99
57.89,57.89
57.62,57.62
57.52,57.52
57.42,57.42
57.32,57.32
57.19,57.19
57.13,57.13
57.09,57.09
56.86,56.86
56.54,56.54
56.32,56.32
55.9,55.9
55.86,55.86
55.83,55.83
55.71,55.71
55.57,55.57
55.54,55.54
55.45,55.45
55.39,55.39
55.37,55.37
55.34,55.34
55.3,55.3
55.28,55.28
55.25,55.25
55.17,55.17
55.16,55.16
55.15,55.15
55.14,55.14
53.28,53.28
53.27,53.27
53.25,53.25
53.22,53.22
53.21,53.21
53.2,53.2
47.54,47.54
37.59,37.59
48.64,48.64
48.63,48.63
52.25,52.25
52.23,52.23
52.22,52.22
52.21,52.21
52.19,52.19
52.15,52.15
52.09,52.09
52.01,52.01
51.99,51.99
51.98,51.98
51.96,51.96
51.95,51.95
51.94,51.94
51.91,51.91
51.9,51.9
49.02,49.02
48.99,48.99
48.96,48.96
48.95,48.95
48.93,48.93
48.91,48.91
42.99,42.99
46.14,46.14
46.12,46.12
74.28,74.28
74.25,74.25
74.23,74.23
74.15,74.15
74.11,74.11
52.34,52.34
50.22,50.22
50.16,50.16
49.77,49.77
49.71,49.71
49.66,49.66
49.49,49.49
49.33,49.33
50.35,50.35
50.27,50.27
53.66,53.66
53.46,53.46
53.13,53.13
53.03,53.03
52.92,52.92
52.82,52.82
52.74,52.74
52.69,52.69
52.4,52.4
52.32,52.32
51.7,51.7
51.47,51.47
51.35,51.35
51.23,51.23
51.18,51.18
51.14,51.14
51.1,51.1
49.59,49.59
49.38,49.38
50.66,50.66
50.59,50.59
50.54,50.54
48.57,48.57
50.31,50.31
50.28,50.28
50.25,50.25
50.08,50.08
50.04,50.04
49.97,49.97
49.93,49.93
49.81,49.81
49.7,49.7
49.69,49.69
49.68,49.68
49.65,49.65
49.64,49.64
49.62,49.62
49.58,49.58
49.56,49.56
49.53,49.53
53.51,53.51
53.45,53.45
53.44,53.44
53.4,53.4
53.38,53.38
53.31,53.31
53.29,53.29
53.12,53.12
52.47,52.47
52.44,52.44
52.38,52.38
52.36,52.36
47.44,47.44
43.72,43.72
36.43,36.43
19.22,19.22
19.21,19.21
15.51,15.51
77.22,77.22
73.51,73.51
73.5,73.5
73.49,73.49
73.47,73.47
73.46,73.46
73.45,73.45
62.33,62.33
62.32,62.32
37.51,37.51
41.37,41.37
41.36,41.36
41.34,41.34
41.33,41.33
41.31,41.31
53.88,53.88
53.71,53.71
53.41,53.41
53.35,53.35
53.09,53.09
52.88,52.88
52.84,52.84
52.71,52.71
52.66,52.66
51.82,51.82
51.8,51.8
51.79,51.79
51.75,51.75
51.73,51.73
59.93,59.93
51.52,51.52
51.5,51.5
24.04,24.04
27.61,27.61
76.55,76.55
76.53,76.53
76.51,76.51
76.49,76.49
76.46,76.46
76.44,76.44
76.42,76.42
76.41,76.41
76.4,76.4
76.38,76.38
72.2,72.2
72.19,72.19
72.17,72.17
64.1,64.1
64.07,64.07
56.42,56.42
56.4,56.4
56.39,56.39
56.38,56.38
33.38,33.38
21.74,21.74
21.73,21.73
12.47,12.47
12.45,12.45
12.44,12.44
14.29,14.29
17.99,17.99
17.98,17.98
45.18,45.18
45.15,45.15
44.3,44.3
42.53,42.53
46.22,46.22
46.2,46.2
14.28,14.28
66.57,66.57
64.27,64.27
61.49,61.49
39.18,39.18
32.29,32.29
32.22,32.22
32.18,32.18
50.38,50.38
49.72,49.72
83.62,83.62
83.23,83.23
70.16,70.16
69.88,69.88
65.96,65.96
70.18,70.18
70.15,70.15
70.07,70.07
70.05,70.05
70,70
65.73,65.73
65.7,65.7
72.16,72.16
72.14,72.14
72.13,72.13
66.58,66.58
66.55,66.55
58.2,58.2
46.13,46.13
42.06,42.06
42.04,42.04
81.41,81.41
77.71,77.71
77.7,77.7
77.69,77.69
81.39,81.39
81.38,81.38
77.68,77.68
71.18,71.18
71.17,71.17
71.16,71.16
71.15,71.15
71.14,71.14
71.13,71.13
71.12,71.12
71.11,71.11
65.53,65.53
65.52,65.52
65.51,65.51
65.49,65.49
65.47,65.47
65.46,65.46
65.44,65.44
65.42,65.42
65.4,65.4
65.39,65.39
65.34,65.34
65.33,65.33
65.32,65.32
65.31,65.31
65.3,65.3
65.26,65.26
65.25,65.25
65.24,65.24
65.23,65.23
65.22,65.22
46.03,46.03
46,46
44.19,44.19
30.64,30.64
30.34,30.34
24.75,24.75
27.53,27.53
42.36,42.36
42.29,42.29
48.78,48.78
48.76,48.76
48.7,48.7
48.58,48.58
48.56,48.56
50.39,50.39
50.34,50.34
50.32,50.32
29.14,29.14
29.08,29.08
21.01,21.01
20.98,20.98
20.97,20.97
20.96,20.96
20.95,20.95
20.94,20.94
20.93,20.93
20.87,20.87
20.76,20.76
20.66,20.66
28.22,28.22
28.1,28.1
27.86,27.86
27.64,27.64
27.4,27.4
26.64,26.64
26.44,26.44
26.4,26.4
26.16,26.16
26.11,26.11
26.08,26.08
36.91,36.91
36.9,36.9
36.89,36.89
66.84,66.84
66.83,66.83
66.82,66.82
52.93,52.93
52.91,52.91
51.05,51.05
51.04,51.04
53.77,53.77
50.99,50.99
50.98,50.98
36.13,36.13
30.55,30.55
30.54,30.54
50.48,50.48
34.16,34.16
55.82,55.82
55.75,55.75
55.67,55.67
39.56,39.56
39.43,39.43
39.21,39.21
30.21,30.21
30.02,30.02
29.99,29.99
29.74,29.74
29.55,29.55
29.02,29.02
28.96,28.96
28.93,28.93
28.71,28.71
27.9,27.9
27.82,27.82
27.81,27.81
27.74,27.74
27.68,27.68
36.52,36.52
36.48,36.48
36.4,36.4
36.35,36.35
36.31,36.31
35.83,35.83
35.78,35.78
35.64,35.64
35.58,35.58
35.41,35.41
35.38,35.38
35.34,35.34
35.3,35.3
35.24,35.24
35.14,35.14
35.13,35.13
35.12,35.12
35.1,35.1
35.07,35.07
35.01,35.01
34.85,34.85
34.58,34.58
26.82,26.82
26.8,26.8
26.79,26.79
26.77,26.77
26.76,26.76
26.75,26.75
26.74,26.74
26.73,26.73
26.72,26.72
26.71,26.71
18.49,18.49
18.48,18.48
54.53,54.53
24.67,24.67
19.12,19.12
44.27,44.27
57.25,57.25
57.18,57.18
57.16,57.16
57.11,57.11
57.08,57.08
57.05,57.05
57.02,57.02
56.99,56.99
56.96,56.96
56.92,56.92
44.34,44.34
44.33,44.33
44.18,44.18
44.12,44.12
44.1,44.1
44.02,44.02
41.16,41.16
41.03,41.03
41.01,41.01
40.16,40.16
70.93,70.93
70.54,70.54
70.42,70.42
70.31,70.31
51.66,51.66
51.59,51.59
51.55,51.55
54.29,54.29
54.23,54.23
40.88,40.88
40.84,40.84
40.79,40.79
47.71,47.71
20.33,20.33
29.53,29.53
30.69,30.69
40.57,40.57
43.03,43.03
95.37,95.37
20.83,20.83
39.08,39.08
39.07,39.07
39.05,39.05
36.64,36.64
36.63,36.63
36.6,36.6
24.5,24.5
24.48,24.48
24.47,24.47
24.45,24.45
24.39,24.39
24.36,24.36
24.32,24.32
24.3,24.3
24.29,24.29
24.26,24.26
24.22,24.22
24.2,24.2
24.19,24.19
24.09,24.09
24.05,24.05
24,24
44.76,44.76
33.56,33.56
56.97,56.97
56.83,56.83
56.76,56.76
49.36,49.36
54.73,54.73
54.64,54.64
17.14,17.14
17.05,17.05
40.63,40.63
33.22,33.22
31.26,31.26
38.24,38.24
34.45,34.45
24.99,24.99
34.1,34.1
83.28,83.28
83.27,83.27
83.25,83.25
83.22,83.22
80.43,80.43
79.79,79.79
79.75,79.75
79.71,79.71
79.67,79.67
69.92,69.92
69.85,69.85
69.82,69.82
69.79,69.79
69.76,69.76
69.73,69.73
69.7,69.7
69.68,69.68
69.66,69.66
69.53,69.53
69.49,69.49
69.47,69.47
69.45,69.45
66.64,66.64
66.62,66.62
66.6,66.6
66.56,66.56
66.54,66.54
66.52,66.52
66.47,66.47
66.38,66.38
66.25,66.25
66.17,66.17
66.13,66.13
65.16,65.16
65.04,65.04
65.01,65.01
58.02,58.02
58,58
57.98,57.98
57.97,57.97
57.96,57.96
57.95,57.95
54.62,54.62
60.61,60.61
45.94,45.94
36.25,36.25
33.47,33.47
22.73,22.73
16.34,16.34
16.51,16.51
24.84,24.84
10.95,10.95
10.94,10.94
10.83,10.83
10.81,10.81
10.8,10.8
10.79,10.79
10.56,10.56
37.91,37.91
34.15,34.15
34.14,34.14
39.44,39.44
46.82,46.82
46.79,46.79
35.72,35.72
35.62,35.62
50.37,50.37
54.01,54.01
50.21,50.21
37.21,37.21
19.39,19.39
19.38,19.38
17.5,17.5
17.49,17.49
19.37,19.37
15.67,15.67
15.66,15.66
55.2,55.2
54.79,54.79
30.27,30.27
28.99,28.99
28.26,28.26
28.12,28.12
28.09,28.09
27.88,27.88
27.79,27.79
26.33,26.33
26.21,26.21
26.06,26.06
26.04,26.04
26.03,26.03
25.96,25.96
25.94,25.94
25.8,25.8
25.42,25.42
25.2,25.2
25.18,25.18
23.38,23.38
22.9,22.9
22.72,22.72
22.64,22.64
52.75,52.75
52.67,52.67
52.63,52.63
52.6,52.6
52.55,52.55
52.53,52.53
52.51,52.51
50.17,50.17
50.12,50.12
50.06,50.06
50.02,50.02
47.88,47.88
42.25,42.25
42.09,42.09
42.07,42.07
42.03,42.03
42.01,42.01
42,42
41.99,41.99
41.96,41.96
41.95,41.95
41.93,41.93
41.92,41.92
17.25,17.25
17.24,17.24
17.23,17.23
17.22,17.22
17.21,17.21
17.2,17.2
17.19,17.19
17.18,17.18
17.17,17.17
16.59,16.59
16.58,16.58
16.57,16.57
16.56,16.56
16.55,16.55
15.03,15.03
15.02,15.02
63.54,63.54
63.06,63.06
55.43,55.43
55.65,55.65
32.13,32.13
30.63,30.63
64.73,64.73
70.29,70.29
70.2,70.2
70.19,70.19
68.12,68.12
68.11,68.11
67.97,67.97
67.89,67.89
67.88,67.88
67.86,67.86
67.85,67.85
67.84,67.84
70.61,70.61
70.58,70.58
58.03,58.03
46.78,46.78
48.27,48.27
48.19,48.19
57.85,57.85
58.31,58.31
57.83,57.83
57.76,57.76
57.28,57.28
57.12,57.12
56.63,56.63
56.56,56.56
43.16,43.16
42.05,42.05
41.27,41.27
40.93,40.93
40.92,40.92
40.87,40.87
40.71,40.71
32.97,32.97
32.8,32.8
20.26,20.26
20.25,20.25
20.19,20.19
20.17,20.17
20.05,20.05
20.02,20.02
19.96,19.96
19.94,19.94
19.88,19.88
19.77,19.77
19.75,19.75
18.92,18.92
18.87,18.87
18.86,18.86
20.86,20.86
20.85,20.85
20.84,20.84
63.44,63.44
63.36,63.36
63.18,63.18
63.14,63.14
63.11,63.11
63.02,63.02
62.85,62.85
62.69,62.69
62.65,62.65
62.6,62.6
62.56,62.56
62.53,62.53
62.49,62.49
62.46,62.46
62.44,62.44
62.41,62.41
62.38,62.38
62.36,62.36
64.21,64.21
69.75,69.75
69.72,69.72
69.67,69.67
69.65,69.65
68.44,68.44
63.82,63.82
63.78,63.78
63.73,63.73
63.69,63.69
63.65,63.65
63.62,63.62
63.58,63.58
63.42,63.42
63.38,63.38
63.24,63.24
63.19,63.19
63.17,63.17
63.15,63.15
55.68,55.68
55.64,55.64
55.63,55.63
55.61,55.61
55.48,55.48
55.4,55.4
55.35,55.35
55.31,55.31
55.26,55.26
46.61,46.61
40.3,40.3
33.67,33.67
78.66,78.66
78.61,78.61
78.59,78.59
78.57,78.57
78.56,78.56
78.55,78.55
78.54,78.54
78.53,78.53
78.51,78.51
78.5,78.5
78.49,78.49
78.45,78.45
78.44,78.44
78.41,78.41
78.39,78.39
72.78,72.78
72.76,72.76
72.75,72.75
72.72,72.72
72.67,72.67
72.63,72.63
72.62,72.62
72.61,72.61
72.58,72.58
72.55,72.55
76.22,76.22
76.21,76.21
76.2,76.2
76.19,76.19
76.18,76.18
76.17,76.17
76.16,76.16
76.14,76.14
76.13,76.13
78.65,78.65
78.63,78.63
78.52,78.52
78.47,78.47
78.38,78.38
78.35,78.35
78.31,78.31
62.78,62.78
62.57,62.57
62.51,62.51
62.31,62.31
62.19,62.19
62.15,62.15
67.71,67.71
67.02,67.02
66.96,66.96
66.86,66.86
66.59,66.59
65.93,65.93
65.84,65.84
65.5,65.5
60.64,60.64
60.58,60.58
57.56,57.56
57.5,57.5
57.4,57.4
58.27,58.27
57.34,57.34
57.15,57.15
26.68,26.68
26.66,26.66
30.99,30.99
30.97,30.97
30.92,30.92
30.89,30.89
30.79,30.79
30.77,30.77
30.67,30.67
30.62,30.62
30.48,30.48
30.42,30.42
30.38,30.38
30.31,30.31
50.91,50.91
65.71,65.71
65.68,65.68
74.88,74.88
74.8,74.8
69.19,69.19
60.35,60.35
60.32,60.32
34.04,34.04
68.28,68.28
68.27,68.27
61.68,61.68
61.66,61.66
61.62,61.62
56,56
55.92,55.92
55.91,55.91
53.1,53.1
53.06,53.06
53.02,53.02
53.01,53.01
52.97,52.97
52.95,52.95
52.87,52.87
52.86,52.86
35.95,35.95
35.88,35.88
35.84,35.84
35.82,35.82
35.79,35.79
35.77,35.77
33.08,33.08
32.95,32.95
32.94,32.94
32.92,32.92
32.91,32.91
32.9,32.9
32.88,32.88
32.86,32.86
37.03,37.03
68.19,68.19
68.18,68.18
68.13,68.13
68.05,68.05
56.77,56.77
59.48,59.48
57.73,57.73
57.71,57.71
60.38,60.38
60.05,60.05
59.98,59.98
59.84,59.84
59.76,59.76
59.7,59.7
59.67,59.67
59.6,59.6
56.35,56.35
48.72,48.72
48.67,48.67
48.39,48.39
46.63,46.63
32.28,32.28
32.21,32.21
66.63,66.63
66.61,66.61
66.51,66.51
66.44,66.44
66.33,66.33
66.3,66.3
61.46,61.46
61.4,61.4
61.39,61.39
27.63,27.63
25.05,25.05
25.04,25.04
33.64,33.64
33.61,33.61
33.6,33.6
49.26,49.26
49.25,49.25
49.24,49.24
54.8,54.8
54.78,54.78
54.77,54.77
54.75,54.75
54.74,54.74
54.72,54.72
56.55,56.55
56.53,56.53
56.51,56.51
56.5,56.5
29.34,29.34
35.4,35.4
22.69,22.69
71.06,71.06
71.64,71.64
41.89,41.89
28.13,28.13
27.87,27.87
23.1,23.1
26.67,26.67
26.65,26.65
57.82,57.82
57.79,57.79
57.77,57.77
57.74,57.74
64.24,64.24
63.95,63.95
63.72,63.72
63.67,63.67
63.53,63.53
63.46,63.46
63.39,63.39
61.26,61.26
61.21,61.21
61.13,61.13
61.12,61.12
60.72,60.72
60.59,60.59
59.71,59.71
47.76,47.76
46.8,46.8
46.17,46.17
44.49,44.49
44.15,44.15
46.15,46.15
46.69,46.69
28.25,28.25
18.62,18.62
18.61,18.61
86.66,86.66
86.59,86.59
86.53,86.53
86.48,86.48
86.42,86.42
86.28,86.28
80.66,80.66
80.89,80.89
80.52,80.52
80.36,80.36
77.56,77.56
76.91,76.91
39.94,39.94
31.04,31.04
31.01,31.01
30.94,30.94
24.9,24.9
48.04,48.04
47.4,47.4
45.36,45.36
39.65,39.65
24.96,24.96
24.94,24.94
24.92,24.92
24.91,24.91
24.87,24.87
24.86,24.86
24.85,24.85
16.42,16.42
16.38,16.38
16.36,16.36
16.35,16.35
16.32,16.32
16.3,16.3
16.28,16.28
16.27,16.27
16.25,16.25
16.21,16.21
16.19,16.19
16.15,16.15
16.14,16.14
50.67,50.67
50.65,50.65
51.29,51.29
51.2,51.2
51.08,51.08
50.96,50.96
50.83,50.83
32.49,32.49
32.45,32.45
19.1,19.1
39.88,39.88
39.51,39.51
39.39,39.39
41.91,41.91
37.93,37.93
37.88,37.88
39.53,39.53
39.24,39.24
53.11,53.11
54.3,54.3
54.1,54.1
51.21,51.21
51.19,51.19
51.17,51.17
51.15,51.15
51.13,51.13
47.83,47.83
14.27,14.27
14.26,14.26
14.25,14.25
69.43,69.43
69.37,69.37
69.2,69.2
65.35,65.35
16.02,16.02
15.96,15.96
15.92,15.92
15.89,15.89
15.87,15.87
15.84,15.84
15.83,15.83
15.8,15.8
15.76,15.76
15.72,15.72
15.68,15.68
15.65,15.65
15.61,15.61
15.5,15.5
15.49,15.49
15.48,15.48
15.47,15.47
15.46,15.46
58.79,58.79
21.76,21.76
57.33,57.33
63.71,63.71
63.63,63.63
69.02,69.02
68.78,68.78
53.17,53.17
53.07,53.07
19.69,19.69
19.68,19.68
19.64,19.64
19.59,19.59
19.3,19.3
15.31,15.31
15.29,15.29
15.27,15.27
15.25,15.25
15.23,15.23
15.22,15.22
15.17,15.17
15.16,15.16
15.15,15.15
15.14,15.14
15.13,15.13
15.12,15.12
15.11,15.11
15.1,15.1
48.66,48.66
16.23,16.23
88.03,88.03
87.99,87.99
87.95,87.95
87.94,87.94
87.93,87.93
87.91,87.91
87.9,87.9
87.88,87.88
87.87,87.87
87.86,87.86
87.85,87.85
87.83,87.83
87.81,87.81
87.78,87.78
87.74,87.74
87.68,87.68
87.65,87.65
87.64,87.64
87.57,87.57
87.41,87.41
87.34,87.34
87.3,87.3
87.21,87.21
87.15,87.15
87.1,87.1
87,87
86.95,86.95
86.91,86.91
86.89,86.89
83.18,83.18
83.16,83.16
83.13,83.13
83.11,83.11
83.09,83.09
83.06,83.06
83.04,83.04
83.03,83.03
83.02,83.02
83.01,83.01
82.99,82.99
82.97,82.97
82.95,82.95
82.94,82.94
86.64,86.64
86.62,86.62
86.6,86.6
86.54,86.54
86.5,86.5
86.45,86.45
86.43,86.43
86.41,86.41
86.39,86.39
86.37,86.37
86.35,86.35
86.33,86.33
86.32,86.32
86.3,86.3
86.29,86.29
86.24,86.24
86.21,86.21
86.18,86.18
86.16,86.16
86.14,86.14
86.12,86.12
74.96,74.96
74.92,74.92
74.89,74.89
74.86,74.86
74.82,74.82
73.43,73.43
73.38,73.38
73.32,73.32
73.29,73.29
73.14,73.14
73.08,73.08
67.46,67.46
67.44,67.44
67.42,67.42
67.39,67.39
67.38,67.38
67.36,67.36
67.34,67.34
67.32,67.32
67.3,67.3
67.29,67.29
54.24,54.24
56.47,56.47
51.11,51.11
51.09,51.09
48.38,48.38
48.36,48.36
48.34,48.34
37.36,37.36
37.19,37.19
37.16,37.16
36.47,36.47
37.84,37.84
36.41,36.41
53.15,53.15
50.41,50.41
37.05,37.05
36.99,36.99
36.94,36.94
36.49,36.49
45.28,45.28
37.17,37.17
37.12,37.12
35.59,35.59
30.87,30.87
33.41,33.41
33.4,33.4
33.39,33.39
33.32,33.32
33.3,33.3
33.25,33.25
36.58,36.58
36.56,36.56
25.12,25.12
25.1,25.1
25.09,25.09
25.03,25.03
25.02,25.02
25.01,25.01
24.98,24.98
27.75,27.75
27.73,27.73
27.72,27.72
27.71,27.71
27.7,27.7
27.69,27.69
26.2,26.2
26.12,26.12
60.79,60.79
60.76,60.76
60.73,60.73
60.68,60.68
60.67,60.67
60.55,60.55
60.52,60.52
60.44,60.44
60.39,60.39
60.3,60.3
60.25,60.25
60.17,60.17
24.34,24.34
24.33,24.33
18.17,18.17
18.16,18.16
18.15,18.15
18.14,18.14
18.13,18.13
18.12,18.12
11.97,11.97
11.93,11.93
11.88,11.88
11.86,11.86
11.83,11.83
11.81,11.81
11.78,11.78
11.74,11.74
11.72,11.72
11.69,11.69
11.68,11.68
11.66,11.66
11.63,11.63
11.62,11.62
14.82,14.82
58.88,58.88
58.86,58.86
58.85,58.85
58.83,58.83
58.82,58.82
56.59,56.59
52.42,52.42
52.37,52.37
52.33,52.33
51.54,51.54
54.86,54.86
54.85,54.85
47.66,47.66
37.11,37.11
26.53,26.53
26.52,26.52
26.5,26.5
26.49,26.49
30.76,30.76
30.75,30.75
30.74,30.74
24.23,24.23
24.21,24.21
26,26
34.09,34.09
34.08,34.08
36.18,36.18
51.03,51.03
